0,TEXT_KINGKW303_05504_SEQ_00,"**特殊ルール： クラス・ジョブ固定**
蜃気楼の町のリディルセイルは、ファントムウェポンの強化に取りかかりたいようだ。"
1,TEXT_KINGKW303_05504_SEQ_01,"※本クエストには「**** クラス・ジョブ固定」が、
　設定されています。
　受注時と同じクラス・ジョブでのみ進行できます。

リディルセイルと話した。「」を3個集めて、「ファントムウェポン」を所持した状態で、蜃気楼の町の「ドドックリ」に渡そう。

「」は、蜃気楼の町にいる「アーミナ」から交換できます。"
2,TEXT_KINGKW303_05504_SEQ_02,ドドックリに「」を渡した。ファントム包丁によって幻影を切り裂き、ファントムウェポンの真の姿を暴きだした。しかしゲロルトが言うには、さらにその先の姿があるらしい。
3,TEXT_KINGKW303_05504_SEQ_03,
4,TEXT_KINGKW303_05504_SEQ_04,
5,TEXT_KINGKW303_05504_SEQ_05,
6,TEXT_KINGKW303_05504_SEQ_06,
7,TEXT_KINGKW303_05504_SEQ_07,
8,TEXT_KINGKW303_05504_SEQ_08,
9,TEXT_KINGKW303_05504_SEQ_09,
10,TEXT_KINGKW303_05504_SEQ_10,
11,TEXT_KINGKW303_05504_SEQ_11,
12,TEXT_KINGKW303_05504_SEQ_12,
13,TEXT_KINGKW303_05504_SEQ_13,
14,TEXT_KINGKW303_05504_SEQ_14,
15,TEXT_KINGKW303_05504_SEQ_15,
16,TEXT_KINGKW303_05504_SEQ_16,
17,TEXT_KINGKW303_05504_SEQ_17,
18,TEXT_KINGKW303_05504_SEQ_18,
19,TEXT_KINGKW303_05504_SEQ_19,
20,TEXT_KINGKW303_05504_SEQ_20,
21,TEXT_KINGKW303_05504_SEQ_21,
22,TEXT_KINGKW303_05504_SEQ_22,
23,TEXT_KINGKW303_05504_SEQ_23,
24,TEXT_KINGKW303_05504_TODO_00,を入手
25,TEXT_KINGKW303_05504_TODO_01,
26,TEXT_KINGKW303_05504_TODO_02,
27,TEXT_KINGKW303_05504_TODO_03,
28,TEXT_KINGKW303_05504_TODO_04,
29,TEXT_KINGKW303_05504_TODO_05,
30,TEXT_KINGKW303_05504_TODO_06,
31,TEXT_KINGKW303_05504_TODO_07,
32,TEXT_KINGKW303_05504_TODO_08,
33,TEXT_KINGKW303_05504_TODO_09,
34,TEXT_KINGKW303_05504_TODO_10,
35,TEXT_KINGKW303_05504_TODO_11,
36,TEXT_KINGKW303_05504_TODO_12,
37,TEXT_KINGKW303_05504_TODO_13,
38,TEXT_KINGKW303_05504_TODO_14,
39,TEXT_KINGKW303_05504_TODO_15,
40,TEXT_KINGKW303_05504_TODO_16,
41,TEXT_KINGKW303_05504_TODO_17,
42,TEXT_KINGKW303_05504_TODO_18,
43,TEXT_KINGKW303_05504_TODO_19,
44,TEXT_KINGKW303_05504_TODO_20,
45,TEXT_KINGKW303_05504_TODO_21,
46,TEXT_KINGKW303_05504_TODO_22,
47,TEXT_KINGKW303_05504_TODO_23,
48,TEXT_KINGKW303_05504_GEROLT_000_001,"どうだ、ファントム包丁の性能を示す、
いい実演になったろ！？"
49,TEXT_KINGKW303_05504_BRIGID_000_005,"ムフフ、あのまま燃やしておいても良かったのだが、
周りに燃え移っても困るので、消しておいた余。"
50,TEXT_KINGKW303_05504_SYSTEM_000_010,"「」および、
「」を未所持または、
未装備の場合、『真のファントムウェポン』を受注できません。"
51,TEXT_KINGKW303_05504_SYSTEM_000_011,"「」を所持、
または装備していないと、
『真のファントムウェポン』を受注できません。"
52,TEXT_KINGKW303_05504_LYDIRCEIL_000_012,"ふうっ、どうやら火は全部消えたみたいだな……。
いよいよファントム包丁で幻影を切り裂いて、
ファントムウェポンのさらなる性能を引き出すときだぜ。"
53,TEXT_KINGKW303_05504_SYSTEM_000_013,"クエスト『真のファントムウェポン』にて入手できる武器は、
現在のジョブ「」の武器となります。
『真のファントムウェポン』を「」で受けますか？"
54,TEXT_KINGKW303_05504_Q1_000_000,の武器を強化しますか？
55,TEXT_KINGKW303_05504_A1_000_001,もう少し考える
56,TEXT_KINGKW303_05504_A1_000_002,の武器を強化する
57,TEXT_KINGKW303_05504_SYSTEM_000_015,"強化したい武器に応じたジョブとなり、
再度、リディルセイルに声をかけてください。"
58,TEXT_KINGKW303_05504_LYDIRCEIL_000_016,それじゃあ、さっさと始めてくれよ。
59,TEXT_KINGKW303_05504_GEROLT_000_017,"そうするつもりだったンだがよ……
さっきの試し斬りを見たときに気づいたことがあって、
もう一段、工夫を凝らしておいた方が良さそうなンだ。"
60,TEXT_KINGKW303_05504_GEROLT_000_018,"闇雲に幻影を切り裂いただけじゃ、
武器に宿ったエーテルに、微妙な偏りが生じちまってな。"
61,TEXT_KINGKW303_05504_GEROLT_000_019,"そこで、武器の核となる部分を新たに作り、
エーテルが1箇所に収斂するようにしたい。
そうすれば、完璧な状態で真の姿が暴かれるはずだ。"
62,TEXT_KINGKW303_05504_LYDIRCEIL_000_020,"武器自体にも前準備が必要ってわけか。
理屈はわかるが、結局また工程が増えてるな……。"
63,TEXT_KINGKW303_05504_GEROLT_000_021,"まあそう言うな。
幸い、素材の目星はついているからよ。"
64,TEXT_KINGKW303_05504_GEROLT_000_022,"探査隊が新たに発見した「」ってのを知ってるか？
武器の核にするには最適なものでな、それが3個もありゃ十分だ。"
65,TEXT_KINGKW303_05504_LYDIRCEIL_000_023,"……またひと手間増えちまったが、
「」はロウェナ商会と取引すれば手に入る。
3個揃ったら、素材の下処理のためドドックリに渡してくれ。"
66,TEXT_KINGKW303_05504_LYDIRCEIL_000_025,"「」が3個揃ったら、ドドックリに渡してくれ。
どうせゲロルトは自分じゃ素材の下処理をやらないからな。"
67,TEXT_KINGKW303_05504_SYSTEM_000_030,"「」は、
蜃気楼の町にいる「アーミナ」から交換できます。"
68,TEXT_KINGKW303_05504_GEROLT_000_035,"あぁン、どうして鉱石が必要だと先に言わないのかって？
オレ様だって、試し斬りするまでわからなかったンだから、
しょうがねえだろうがよ。"
69,TEXT_KINGKW303_05504_BRIGID_000_040,"余もゲロルトに同意するヨ。
やると決めたら微に入り細を穿つのが匠というものダ！"
70,TEXT_KINGKW303_05504_DODOKKULI_000_100,"ファントムウェポンの新たな核を製作するんですよね。
「」が3個必要だそうですが、集まりましたか？"
71,TEXT_KINGKW303_05504_DODOKKULI_000_101,"「」が集まったんですか？
では、「ファントムウェポン」を装備から外してください。"
72,TEXT_KINGKW303_05504_SYSTEM_000_102,"「」を納品すると、
所持している「ファントムウェポン」と交換で、
強化された新たな武器を入手できます。"
73,TEXT_KINGKW303_05504_SYSTEM_000_103,"ただし、装着されているマテリアは消失し、
戻ってきませんのでご注意ください。"
74,TEXT_KINGKW303_05504_DODOKKULI_000_104,"ありがとうございます、たしかに受け取りました。
では、こちらを核となる部材へと加工した後、
ゲロルトに組み込んでもらい……"
75,TEXT_KINGKW303_05504_DODOKKULI_000_105,"それからファントム包丁で幻影を切り裂いて、
ファントムウェポンの真の姿を暴くとしましょう！"
76,TEXT_KINGKW303_05504_GEROLT_000_106,"よし、「」を素材として、
ファントムウェポンに新たな核となる部位を組み込ンだ。
これで幻影を切り裂いたあともエーテル効率を高く維持できる。"
77,TEXT_KINGKW303_05504_GEROLT_000_107,"というわけで、いよいよファントム包丁を使って、
武器を包む幻影を切り裂くぜ！"
78,TEXT_KINGKW303_05504_GEROLT_000_108,うおりゃあああああああああ！
79,TEXT_KINGKW303_05504_GEROLT_000_109,"成功だ。
強化の恩恵を保持したまま、余分な幻影だけを取り去ったことで、
抑えられていた性能が完全解放されている……。"
80,TEXT_KINGKW303_05504_GEROLT_000_110,"これがファントムウェポンの真の姿……
「」だ！"
81,TEXT_KINGKW303_05504_GEROLT_000_111,"これがファントムウェポンの真の姿……
「」と……
「」だ！"
82,TEXT_KINGKW303_05504_GEROLT_000_112,"思ったとおり、あらゆる性能において、
これまでの武器をすべて凌駕する最高の逸品だぜ。"
83,TEXT_KINGKW303_05504_LYDIRCEIL_000_113,"古の匠の技術を学び、積み重ねながらも、
最後にそれをすべて打ち砕く大胆な発想……。
当代随一の名工の知識と経験は、伊達じゃねえな！"
84,TEXT_KINGKW303_05504_GEROLT_000_114,当代随一、か……
85,TEXT_KINGKW303_05504_GEROLT_000_115,"武器を振るうことにかけちゃ、テメェの右に出るものはいねえ。
どうせなら、その記憶も上乗せしてみねえか？"
86,TEXT_KINGKW303_05504_GEROLT_000_116,"鈍いヤツだな、このファントムウェポンには、
さらに先の姿があるってことだよ！
ここまで来たンだ、とことんまでこだわってみようぜ！"
87,TEXT_KINGKW303_05504_SYSTEM_000_117,"これ以降、蜃気楼の町の「ドドックリ」から、
「」と引き換えに、
異なるジョブの「ファントムウェポン」を強化できます。"
