key,0,1,2,3,4,5,6,7,8,9,10,11,12,13,14,15,16
#,,,,,,,,,,,,,,,,,
int32,uint16,uint16,uint16,uint16,uint16,byte,byte,byte,uint16,byte,byte,uint16,byte,byte,uint16,uint32,uint16
0,0,0,0,0,0,0,0,0,0,0,0,0,0,0,0,0,0
1,115,5,5,2,5,0,1,1,7,0,0,0,0,0,0,0,0
2,120,10,5,2,5,0,1,1,7,0,0,0,0,0,0,0,0
3,125,10,5,2,5,0,1,1,8,0,0,0,0,0,0,0,0
4,115,5,5,2,5,0,1,1,7,0,0,0,0,0,0,0,0
5,120,10,5,2,5,0,1,1,7,0,0,0,0,0,0,0,0
6,115,5,5,2,5,0,1,1,7,0,0,0,0,0,0,0,0
7,0,15,10,2,5,0,1,2,3,1,1,5,0,0,0,0,0
8,0,20,10,3,7,0,1,2,6,1,1,4,0,0,0,0,0
9,0,20,10,3,7,0,1,2,5,1,1,5,0,0,0,0,0
10,0,20,10,3,6,0,1,2,4,1,1,6,0,0,0,0,0
11,0,25,10,4,9,0,1,2,9,1,1,5,0,0,0,0,0
12,0,25,10,4,9,0,1,2,7,1,1,7,0,0,0,0,0
13,0,20,10,3,7,0,1,2,5,1,1,5,0,0,0,0,0
14,0,0,20,7,10,0,1,2,5,1,1,9,0,0,0,0,0
15,0,0,15,6,8,0,1,2,7,1,1,4,0,0,0,0,0
16,0,0,10,4,5,0,1,3,5,1,1,3,0,0,0,0,0
17,0,0,20,7,10,0,1,3,9,1,2,5,0,0,0,0,0
18,0,0,20,8,11,0,1,3,10,1,1,6,0,0,0,0,0
19,0,0,25,8,11,0,1,3,10,1,2,6,0,0,0,0,0
20,0,0,20,8,10,0,1,3,7,1,2,5,1,1,5,0,0
21,0,0,20,8,10,0,1,3,6,1,2,6,1,1,6,0,0
22,0,0,0,19,18,0,1,2,13,1,1,19,0,0,0,0,0
23,0,0,0,18,17,0,1,3,18,1,1,12,0,0,0,0,0
24,0,0,0,19,17,0,1,3,12,1,2,19,0,0,0,0,0
25,0,0,0,15,14,0,1,4,15,1,1,10,0,0,0,0,0
26,0,0,0,30,28,0,1,4,30,1,2,20,0,0,0,0,0
27,0,0,0,19,20,0,1,3,19,1,1,13,0,0,0,0,0
28,0,0,0,15,15,0,1,3,10,1,2,15,0,0,0,0,0
29,0,0,0,15,15,0,1,4,15,1,1,10,0,0,0,0,0
30,0,0,0,31,34,0,1,4,24,1,3,16,1,1,16,0,0
31,0,0,0,30,33,0,1,4,23,1,3,15,1,2,15,0,0
32,0,0,0,32,35,0,1,4,25,1,2,16,1,1,16,0,0
33,0,0,0,16,15,0,1,4,16,1,3,11,0,0,0,0,0
34,0,0,0,19,21,0,1,3,10,1,2,10,1,1,10,0,0
35,0,0,0,11,10,0,1,2,7,1,1,11,0,0,0,0,0
36,0,0,0,14,16,0,1,4,11,1,3,8,1,1,8,0,0
37,0,0,0,13,17,0,1,4,10,1,3,7,1,2,7,0,0
38,0,0,0,15,15,0,1,4,15,1,2,10,0,0,0,0,0
39,0,0,0,15,18,0,1,4,12,1,3,8,1,1,8,0,0
40,0,0,0,18,20,0,1,4,18,1,3,12,0,0,0,0,0
41,0,0,0,19,23,0,1,3,11,1,2,11,1,1,11,0,0
42,0,0,0,17,23,0,1,4,14,1,2,10,1,1,10,0,0
43,0,0,0,35,42,0,1,4,27,1,3,17,1,1,17,0,0
44,0,0,0,35,45,0,1,4,27,1,3,19,1,2,19,0,0
45,0,0,0,84,117,0,1,4,84,1,2,51,1,1,51,0,0
46,115,5,5,2,5,0,2,1,7,0,0,0,0,0,0,0,0
47,120,10,5,2,5,0,2,1,7,0,0,0,0,0,0,0,0
48,125,10,5,2,5,0,2,1,8,0,0,0,0,0,0,0,0
49,115,5,5,2,5,0,2,1,7,0,0,0,0,0,0,0,0
50,120,10,5,2,5,0,2,1,7,0,0,0,0,0,0,0,0
51,115,5,5,2,5,0,2,1,7,0,0,0,0,0,0,0,0
52,0,15,10,2,5,0,2,2,3,2,1,5,0,0,0,0,0
53,0,20,10,3,7,0,2,2,6,2,1,4,0,0,0,0,0
54,0,20,10,3,7,0,2,2,5,2,1,5,0,0,0,0,0
55,0,20,10,3,6,0,2,2,4,2,1,6,0,0,0,0,0
56,0,25,10,4,9,0,2,2,9,2,1,5,0,0,0,0,0
57,0,25,10,4,9,0,2,2,7,2,1,7,0,0,0,0,0
58,0,20,10,3,7,0,2,2,5,2,1,5,0,0,0,0,0
59,0,0,20,7,10,0,2,2,5,2,1,9,0,0,0,0,0
60,0,0,15,6,8,0,2,2,7,2,1,4,0,0,0,0,0
61,0,0,10,4,5,0,2,3,5,2,1,3,0,0,0,0,0
62,0,0,20,7,10,0,2,3,9,2,2,5,0,0,0,0,0
63,0,0,20,8,11,0,2,3,10,2,1,6,0,0,0,0,0
64,0,0,25,8,11,0,2,3,10,2,2,6,0,0,0,0,0
65,0,0,20,8,10,0,2,3,7,2,2,5,2,1,5,0,0
66,0,0,20,8,10,0,2,3,6,2,2,6,2,1,6,0,0
67,0,0,0,19,18,0,2,2,13,2,1,19,0,0,0,0,0
68,0,0,0,18,17,0,2,3,18,2,1,12,0,0,0,0,0
69,0,0,0,19,17,0,2,3,12,2,2,19,0,0,0,0,0
70,0,0,0,15,14,0,2,4,15,2,1,10,0,0,0,0,0
71,0,0,0,30,28,0,2,4,30,2,2,20,0,0,0,0,0
72,0,0,0,19,20,0,2,3,19,2,1,13,0,0,0,0,0
73,0,0,0,15,15,0,2,3,10,2,2,15,0,0,0,0,0
74,0,0,0,15,15,0,2,4,15,2,1,10,0,0,0,0,0
75,0,0,0,31,34,0,2,4,24,2,3,16,2,1,16,0,0
76,0,0,0,30,33,0,2,4,23,2,3,15,2,2,15,0,0
77,0,0,0,32,35,0,2,4,25,2,2,16,2,1,16,0,0
78,0,0,0,16,15,0,2,4,16,2,3,11,0,0,0,0,0
79,0,0,0,19,21,0,2,3,10,2,2,10,2,1,10,0,0
80,0,0,0,11,10,0,2,2,7,2,1,11,0,0,0,0,0
81,0,0,0,14,16,0,2,4,11,2,3,8,2,1,8,0,0
82,0,0,0,13,17,0,2,4,10,2,3,7,2,2,7,0,0
83,0,0,0,15,15,0,2,4,15,2,2,10,0,0,0,0,0
84,0,0,0,15,18,0,2,4,12,2,3,8,2,1,8,0,0
85,0,0,0,18,20,0,2,4,18,2,3,12,0,0,0,0,0
86,0,0,0,19,23,0,2,3,11,2,2,11,2,1,11,0,0
87,0,0,0,17,23,0,2,4,14,2,2,10,2,1,10,0,0
88,0,0,0,35,42,0,2,4,27,2,3,17,2,1,17,0,0
89,0,0,0,35,45,0,2,4,27,2,3,19,2,2,19,0,0
90,0,0,0,84,117,0,2,4,84,2,2,51,2,1,51,0,0
91,115,5,5,2,5,0,3,1,7,0,0,0,0,0,0,0,0
92,120,10,5,2,5,0,3,1,7,0,0,0,0,0,0,0,0
93,125,10,5,2,5,0,3,1,8,0,0,0,0,0,0,0,0
94,115,5,5,2,5,0,3,1,7,0,0,0,0,0,0,0,0
95,120,10,5,2,5,0,3,1,7,0,0,0,0,0,0,0,0
96,115,5,5,2,5,0,3,1,7,0,0,0,0,0,0,0,0
97,0,15,10,2,5,0,3,2,3,3,1,5,0,0,0,0,0
98,0,20,10,3,7,0,3,2,6,3,1,4,0,0,0,0,0
99,0,20,10,3,7,0,3,2,5,3,1,5,0,0,0,0,0
100,0,20,10,3,6,0,3,2,4,3,1,6,0,0,0,0,0
101,0,25,10,4,9,0,3,2,9,3,1,5,0,0,0,0,0
102,0,25,10,4,9,0,3,2,7,3,1,7,0,0,0,0,0
103,0,20,10,3,7,0,3,2,5,3,1,5,0,0,0,0,0
104,0,0,20,7,10,0,3,2,5,3,1,9,0,0,0,0,0
105,0,0,15,6,8,0,3,2,7,3,1,4,0,0,0,0,0
106,0,0,10,4,5,0,3,3,5,3,1,3,0,0,0,0,0
107,0,0,20,7,10,0,3,3,9,3,2,5,0,0,0,0,0
108,0,0,20,8,11,0,3,3,10,3,1,6,0,0,0,0,0
109,0,0,25,8,11,0,3,3,10,3,2,6,0,0,0,0,0
110,0,0,20,8,10,0,3,3,7,3,2,5,3,1,5,0,0
111,0,0,20,8,10,0,3,3,6,3,2,6,3,1,6,0,0
112,0,0,0,19,18,0,3,2,13,3,1,19,0,0,0,0,0
113,0,0,0,18,17,0,3,3,18,3,1,12,0,0,0,0,0
114,0,0,0,19,17,0,3,3,12,3,2,19,0,0,0,0,0
115,0,0,0,15,14,0,3,4,15,3,1,10,0,0,0,0,0
116,0,0,0,30,28,0,3,4,30,3,2,20,0,0,0,0,0
117,0,0,0,19,20,0,3,3,19,3,1,13,0,0,0,0,0
118,0,0,0,15,15,0,3,3,10,3,2,15,0,0,0,0,0
119,0,0,0,15,15,0,3,4,15,3,1,10,0,0,0,0,0
120,0,0,0,31,34,0,3,4,24,3,3,16,3,1,16,0,0
121,0,0,0,30,33,0,3,4,23,3,3,15,3,2,15,0,0
122,0,0,0,32,35,0,3,4,25,3,2,16,3,1,16,0,0
123,0,0,0,16,15,0,3,4,16,3,3,11,0,0,0,0,0
124,0,0,0,19,21,0,3,3,10,3,2,10,3,1,10,0,0
125,0,0,0,11,10,0,3,2,7,3,1,11,0,0,0,0,0
126,0,0,0,14,16,0,3,4,11,3,3,8,3,1,8,0,0
127,0,0,0,13,17,0,3,4,10,3,3,7,3,2,7,0,0
128,0,0,0,15,15,0,3,4,15,3,2,10,0,0,0,0,0
129,0,0,0,15,18,0,3,4,12,3,3,8,3,1,8,0,0
130,0,0,0,18,20,0,3,4,18,3,3,12,0,0,0,0,0
131,0,0,0,19,23,0,3,3,11,3,2,11,3,1,11,0,0
132,0,0,0,17,23,0,3,4,14,3,2,10,3,1,10,0,0
133,0,0,0,35,42,0,3,4,27,3,3,17,3,1,17,0,0
134,0,0,0,35,45,0,3,4,27,3,3,19,3,2,19,0,0
135,0,0,0,84,117,0,3,4,84,3,2,51,3,1,51,0,0
136,115,5,5,2,5,0,4,1,7,0,0,0,0,0,0,0,0
137,120,10,5,2,5,0,4,1,7,0,0,0,0,0,0,0,0
138,125,10,5,2,5,0,4,1,8,0,0,0,0,0,0,0,0
139,115,5,5,2,5,0,4,1,7,0,0,0,0,0,0,0,0
140,120,10,5,2,5,0,4,1,7,0,0,0,0,0,0,0,0
141,115,5,5,2,5,0,4,1,7,0,0,0,0,0,0,0,0
142,0,15,10,2,5,0,4,2,3,4,1,5,0,0,0,0,0
143,0,20,10,3,7,0,4,2,6,4,1,4,0,0,0,0,0
144,0,20,10,3,7,0,4,2,5,4,1,5,0,0,0,0,0
145,0,20,10,3,6,0,4,2,4,4,1,6,0,0,0,0,0
146,0,25,10,4,9,0,4,2,9,4,1,5,0,0,0,0,0
147,0,25,10,4,9,0,4,2,7,4,1,7,0,0,0,0,0
148,0,20,10,3,7,0,4,2,5,4,1,5,0,0,0,0,0
149,0,0,20,7,10,0,4,2,5,4,1,9,0,0,0,0,0
150,0,0,15,6,8,0,4,2,7,4,1,4,0,0,0,0,0
151,0,0,10,4,5,0,4,3,5,4,1,3,0,0,0,0,0
152,0,0,20,7,10,0,4,3,9,4,2,5,0,0,0,0,0
153,0,0,20,8,11,0,4,3,10,4,1,6,0,0,0,0,0
154,0,0,25,8,11,0,4,3,10,4,2,6,0,0,0,0,0
155,0,0,20,8,10,0,4,3,7,4,2,5,4,1,5,0,0
156,0,0,20,8,10,0,4,3,6,4,2,6,4,1,6,0,0
157,0,0,0,19,18,0,4,2,13,4,1,19,0,0,0,0,0
158,0,0,0,18,17,0,4,3,18,4,1,12,0,0,0,0,0
159,0,0,0,19,17,0,4,3,12,4,2,19,0,0,0,0,0
160,0,0,0,15,14,0,4,4,15,4,1,10,0,0,0,0,0
161,0,0,0,30,28,0,4,4,30,4,2,20,0,0,0,0,0
162,0,0,0,19,20,0,4,3,19,4,1,13,0,0,0,0,0
163,0,0,0,15,15,0,4,3,10,4,2,15,0,0,0,0,0
164,0,0,0,15,15,0,4,4,15,4,1,10,0,0,0,0,0
165,0,0,0,31,34,0,4,4,24,4,3,16,4,1,16,0,0
166,0,0,0,30,33,0,4,4,23,4,3,15,4,2,15,0,0
167,0,0,0,32,35,0,4,4,25,4,2,16,4,1,16,0,0
168,0,0,0,16,15,0,4,4,16,4,3,11,0,0,0,0,0
169,0,0,0,19,21,0,4,3,10,4,2,10,4,1,10,0,0
170,0,0,0,11,10,0,4,2,7,4,1,11,0,0,0,0,0
171,0,0,0,14,16,0,4,4,11,4,3,8,4,1,8,0,0
172,0,0,0,13,17,0,4,4,10,4,3,7,4,2,7,0,0
173,0,0,0,15,15,0,4,4,15,4,2,10,0,0,0,0,0
174,0,0,0,15,18,0,4,4,12,4,3,8,4,1,8,0,0
175,0,0,0,18,20,0,4,4,18,4,3,12,0,0,0,0,0
176,0,0,0,19,23,0,4,3,11,4,2,11,4,1,11,0,0
177,0,0,0,17,23,0,4,4,14,4,2,10,4,1,10,0,0
178,0,0,0,35,42,0,4,4,27,4,3,17,4,1,17,0,0
179,0,0,0,35,45,0,4,4,27,4,3,19,4,2,19,0,0
180,0,0,0,84,117,0,4,4,84,4,2,51,4,1,51,0,0
181,115,5,5,2,5,0,5,1,7,0,0,0,0,0,0,0,0
182,120,10,5,2,5,0,5,1,7,0,0,0,0,0,0,0,0
183,125,10,5,2,5,0,5,1,8,0,0,0,0,0,0,0,0
184,115,5,5,2,5,0,5,1,7,0,0,0,0,0,0,0,0
185,120,10,5,2,5,0,5,1,7,0,0,0,0,0,0,0,0
186,115,5,5,2,5,0,5,1,7,0,0,0,0,0,0,0,0
187,0,15,10,2,5,0,5,2,3,5,1,5,0,0,0,0,0
188,0,20,10,3,7,0,5,2,6,5,1,4,0,0,0,0,0
189,0,20,10,3,7,0,5,2,5,5,1,5,0,0,0,0,0
190,0,20,10,3,6,0,5,2,4,5,1,6,0,0,0,0,0
191,0,25,10,4,9,0,5,2,9,5,1,5,0,0,0,0,0
192,0,25,10,4,9,0,5,2,7,5,1,7,0,0,0,0,0
193,0,20,10,3,7,0,5,2,5,5,1,5,0,0,0,0,0
194,0,0,20,7,10,0,5,2,5,5,1,9,0,0,0,0,0
195,0,0,15,6,8,0,5,2,7,5,1,4,0,0,0,0,0
196,0,0,10,4,5,0,5,3,5,5,1,3,0,0,0,0,0
197,0,0,20,7,10,0,5,3,9,5,2,5,0,0,0,0,0
198,0,0,20,8,11,0,5,3,10,5,1,6,0,0,0,0,0
199,0,0,25,8,11,0,5,3,10,5,2,6,0,0,0,0,0
200,0,0,20,8,10,0,5,3,7,5,2,5,5,1,5,0,0
201,0,0,20,8,10,0,5,3,6,5,2,6,5,1,6,0,0
202,0,0,0,19,18,0,5,2,13,5,1,19,0,0,0,0,0
203,0,0,0,18,17,0,5,3,18,5,1,12,0,0,0,0,0
204,0,0,0,19,17,0,5,3,12,5,2,19,0,0,0,0,0
205,0,0,0,15,14,0,5,4,15,5,1,10,0,0,0,0,0
206,0,0,0,30,28,0,5,4,30,5,2,20,0,0,0,0,0
207,0,0,0,19,20,0,5,3,19,5,1,13,0,0,0,0,0
208,0,0,0,15,15,0,5,3,10,5,2,15,0,0,0,0,0
209,0,0,0,15,15,0,5,4,15,5,1,10,0,0,0,0,0
210,0,0,0,31,34,0,5,4,24,5,3,16,5,1,16,0,0
211,0,0,0,30,33,0,5,4,23,5,3,15,5,2,15,0,0
212,0,0,0,32,35,0,5,4,25,5,2,16,5,1,16,0,0
213,0,0,0,16,15,0,5,4,16,5,3,11,0,0,0,0,0
214,0,0,0,19,21,0,5,3,10,5,2,10,5,1,10,0,0
215,0,0,0,11,10,0,5,2,7,5,1,11,0,0,0,0,0
216,0,0,0,14,16,0,5,4,11,5,3,8,5,1,8,0,0
217,0,0,0,13,17,0,5,4,10,5,3,7,5,2,7,0,0
218,0,0,0,15,15,0,5,4,15,5,2,10,0,0,0,0,0
219,0,0,0,15,18,0,5,4,12,5,3,8,5,1,8,0,0
220,0,0,0,18,20,0,5,4,18,5,3,12,0,0,0,0,0
221,0,0,0,19,23,0,5,3,11,5,2,11,5,1,11,0,0
222,0,0,0,17,23,0,5,4,14,5,2,10,5,1,10,0,0
223,0,0,0,35,42,0,5,4,27,5,3,17,5,1,17,0,0
224,0,0,0,35,45,0,5,4,27,5,3,19,5,2,19,0,0
225,0,0,0,84,117,0,5,4,84,5,2,51,5,1,51,0,0
226,115,5,5,2,5,0,6,1,7,0,0,0,0,0,0,0,0
227,120,10,5,2,5,0,6,1,7,0,0,0,0,0,0,0,0
228,125,10,5,2,5,0,6,1,8,0,0,0,0,0,0,0,0
229,115,5,5,2,5,0,6,1,7,0,0,0,0,0,0,0,0
230,120,10,5,2,5,0,6,1,7,0,0,0,0,0,0,0,0
231,115,5,5,2,5,0,6,1,7,0,0,0,0,0,0,0,0
232,0,15,10,2,5,0,6,2,3,6,1,5,0,0,0,0,0
233,0,20,10,3,7,0,6,2,6,6,1,4,0,0,0,0,0
234,0,20,10,3,7,0,6,2,5,6,1,5,0,0,0,0,0
235,0,20,10,3,6,0,6,2,4,6,1,6,0,0,0,0,0
236,0,25,10,4,9,0,6,2,9,6,1,5,0,0,0,0,0
237,0,25,10,4,9,0,6,2,7,6,1,7,0,0,0,0,0
238,0,20,10,3,7,0,6,2,5,6,1,5,0,0,0,0,0
239,0,0,20,7,10,0,6,2,5,6,1,9,0,0,0,0,0
240,0,0,15,6,8,0,6,2,7,6,1,4,0,0,0,0,0
241,0,0,10,4,5,0,6,3,5,6,1,3,0,0,0,0,0
242,0,0,20,7,10,0,6,3,9,6,2,5,0,0,0,0,0
243,0,0,20,8,11,0,6,3,10,6,1,6,0,0,0,0,0
244,0,0,25,8,11,0,6,3,10,6,2,6,0,0,0,0,0
245,0,0,20,8,10,0,6,3,7,6,2,5,6,1,5,0,0
246,0,0,20,8,10,0,6,3,6,6,2,6,6,1,6,0,0
247,0,0,0,19,18,0,6,2,13,6,1,19,0,0,0,0,0
248,0,0,0,18,17,0,6,3,18,6,1,12,0,0,0,0,0
249,0,0,0,19,17,0,6,3,12,6,2,19,0,0,0,0,0
250,0,0,0,15,14,0,6,4,15,6,1,10,0,0,0,0,0
251,0,0,0,30,28,0,6,4,30,6,2,20,0,0,0,0,0
252,0,0,0,19,20,0,6,3,19,6,1,13,0,0,0,0,0
253,0,0,0,15,15,0,6,3,10,6,2,15,0,0,0,0,0
254,0,0,0,15,15,0,6,4,15,6,1,10,0,0,0,0,0
255,0,0,0,31,34,0,6,4,24,6,3,16,6,1,16,0,0
256,0,0,0,30,33,0,6,4,23,6,3,15,6,2,15,0,0
257,0,0,0,32,35,0,6,4,25,6,2,16,6,1,16,0,0
258,0,0,0,16,15,0,6,4,16,6,3,11,0,0,0,0,0
259,0,0,0,19,21,0,6,3,10,6,2,10,6,1,10,0,0
260,0,0,0,11,10,0,6,2,7,6,1,11,0,0,0,0,0
261,0,0,0,14,16,0,6,4,11,6,3,8,6,1,8,0,0
262,0,0,0,13,17,0,6,4,10,6,3,7,6,2,7,0,0
263,0,0,0,15,15,0,6,4,15,6,2,10,0,0,0,0,0
264,0,0,0,15,18,0,6,4,12,6,3,8,6,1,8,0,0
265,0,0,0,18,20,0,6,4,18,6,3,12,0,0,0,0,0
266,0,0,0,19,23,0,6,3,11,6,2,11,6,1,11,0,0
267,0,0,0,17,23,0,6,4,14,6,2,10,6,1,10,0,0
268,0,0,0,35,42,0,6,4,27,6,3,17,6,1,17,0,0
269,0,0,0,35,45,0,6,4,27,6,3,19,6,2,19,0,0
270,0,0,0,84,117,0,6,4,84,6,2,51,6,1,51,0,0
271,115,5,5,2,5,0,7,1,7,0,0,0,0,0,0,0,0
272,120,10,5,2,5,0,7,1,7,0,0,0,0,0,0,0,0
273,125,10,5,2,5,0,7,1,8,0,0,0,0,0,0,0,0
274,115,5,5,2,5,0,7,1,7,0,0,0,0,0,0,0,0
275,120,10,5,2,5,0,7,1,7,0,0,0,0,0,0,0,0
276,115,5,5,2,5,0,7,1,7,0,0,0,0,0,0,0,0
277,0,15,10,2,5,0,7,2,3,7,1,5,0,0,0,0,0
278,0,20,10,3,7,0,7,2,6,7,1,4,0,0,0,0,0
279,0,20,10,3,7,0,7,2,5,7,1,5,0,0,0,0,0
280,0,20,10,3,6,0,7,2,4,7,1,6,0,0,0,0,0
281,0,25,10,4,9,0,7,2,9,7,1,5,0,0,0,0,0
282,0,25,10,4,9,0,7,2,7,7,1,7,0,0,0,0,0
283,0,20,10,3,7,0,7,2,5,7,1,5,0,0,0,0,0
284,0,0,20,7,10,0,7,2,5,7,1,9,0,0,0,0,0
285,0,0,15,6,8,0,7,2,7,7,1,4,0,0,0,0,0
286,0,0,10,4,5,0,7,3,5,7,1,3,0,0,0,0,0
287,0,0,20,7,10,0,7,3,9,7,2,5,0,0,0,0,0
288,0,0,20,8,11,0,7,3,10,7,1,6,0,0,0,0,0
289,0,0,25,8,11,0,7,3,10,7,2,6,0,0,0,0,0
290,0,0,20,8,10,0,7,3,7,7,2,5,7,1,5,0,0
291,0,0,20,8,10,0,7,3,6,7,2,6,7,1,6,0,0
292,0,0,0,19,18,0,7,2,13,7,1,19,0,0,0,0,0
293,0,0,0,18,17,0,7,3,18,7,1,12,0,0,0,0,0
294,0,0,0,19,17,0,7,3,12,7,2,19,0,0,0,0,0
295,0,0,0,15,14,0,7,4,15,7,1,10,0,0,0,0,0
296,0,0,0,30,28,0,7,4,30,7,2,20,0,0,0,0,0
297,0,0,0,19,20,0,7,3,19,7,1,13,0,0,0,0,0
298,0,0,0,15,15,0,7,3,10,7,2,15,0,0,0,0,0
299,0,0,0,15,15,0,7,4,15,7,1,10,0,0,0,0,0
300,0,0,0,31,34,0,7,4,24,7,3,16,7,1,16,0,0
301,0,0,0,30,33,0,7,4,23,7,3,15,7,2,15,0,0
302,0,0,0,32,35,0,7,4,25,7,2,16,7,1,16,0,0
303,0,0,0,16,15,0,7,4,16,7,3,11,0,0,0,0,0
304,0,0,0,19,21,0,7,3,10,7,2,10,7,1,10,0,0
305,0,0,0,11,10,0,7,2,7,7,1,11,0,0,0,0,0
306,0,0,0,14,16,0,7,4,11,7,3,8,7,1,8,0,0
307,0,0,0,13,17,0,7,4,10,7,3,7,7,2,7,0,0
308,0,0,0,15,15,0,7,4,15,7,2,10,0,0,0,0,0
309,0,0,0,15,18,0,7,4,12,7,3,8,7,1,8,0,0
310,0,0,0,18,20,0,7,4,18,7,3,12,0,0,0,0,0
311,0,0,0,19,23,0,7,3,11,7,2,11,7,1,11,0,0
312,0,0,0,17,23,0,7,4,14,7,2,10,7,1,10,0,0
313,0,0,0,35,42,0,7,4,27,7,3,17,7,1,17,0,0
314,0,0,0,35,45,0,7,4,27,7,3,19,7,2,19,0,0
315,0,0,0,84,117,0,7,4,84,7,2,51,7,1,51,0,0
316,115,5,5,2,5,0,8,1,7,0,0,0,0,0,0,0,0
317,120,10,5,2,5,0,8,1,7,0,0,0,0,0,0,0,0
318,125,10,5,2,5,0,8,1,8,0,0,0,0,0,0,0,0
319,115,5,5,2,5,0,8,1,7,0,0,0,0,0,0,0,0
320,120,10,5,2,5,0,8,1,7,0,0,0,0,0,0,0,0
321,115,5,5,2,5,0,8,1,7,0,0,0,0,0,0,0,0
322,0,15,10,2,5,0,8,2,3,8,1,5,0,0,0,0,0
323,0,20,10,3,7,0,8,2,6,8,1,4,0,0,0,0,0
324,0,20,10,3,7,0,8,2,5,8,1,5,0,0,0,0,0
325,0,20,10,3,6,0,8,2,4,8,1,6,0,0,0,0,0
326,0,25,10,4,9,0,8,2,9,8,1,5,0,0,0,0,0
327,0,25,10,4,9,0,8,2,7,8,1,7,0,0,0,0,0
328,0,20,10,3,7,0,8,2,5,8,1,5,0,0,0,0,0
329,0,0,20,7,10,0,8,2,5,8,1,9,0,0,0,0,0
330,0,0,15,6,8,0,8,2,7,8,1,4,0,0,0,0,0
331,0,0,10,4,5,0,8,3,5,8,1,3,0,0,0,0,0
332,0,0,20,7,10,0,8,3,9,8,2,5,0,0,0,0,0
333,0,0,20,8,11,0,8,3,10,8,1,6,0,0,0,0,0
334,0,0,25,8,11,0,8,3,10,8,2,6,0,0,0,0,0
335,0,0,20,8,10,0,8,3,7,8,2,5,8,1,5,0,0
336,0,0,20,8,10,0,8,3,6,8,2,6,8,1,6,0,0
337,0,0,0,19,18,0,8,2,13,8,1,19,0,0,0,0,0
338,0,0,0,18,17,0,8,3,18,8,1,12,0,0,0,0,0
339,0,0,0,19,17,0,8,3,12,8,2,19,0,0,0,0,0
340,0,0,0,15,14,0,8,4,15,8,1,10,0,0,0,0,0
341,0,0,0,30,28,0,8,4,30,8,2,20,0,0,0,0,0
342,0,0,0,19,20,0,8,3,19,8,1,13,0,0,0,0,0
343,0,0,0,15,15,0,8,3,10,8,2,15,0,0,0,0,0
344,0,0,0,15,15,0,8,4,15,8,1,10,0,0,0,0,0
345,0,0,0,31,34,0,8,4,24,8,3,16,8,1,16,0,0
346,0,0,0,30,33,0,8,4,23,8,3,15,8,2,15,0,0
347,0,0,0,32,35,0,8,4,25,8,2,16,8,1,16,0,0
348,0,0,0,16,15,0,8,4,16,8,3,11,0,0,0,0,0
349,0,0,0,19,21,0,8,3,10,8,2,10,8,1,10,0,0
350,0,0,0,11,10,0,8,2,7,8,1,11,0,0,0,0,0
351,0,0,0,14,16,0,8,4,11,8,3,8,8,1,8,0,0
352,0,0,0,13,17,0,8,4,10,8,3,7,8,2,7,0,0
353,0,0,0,15,15,0,8,4,15,8,2,10,0,0,0,0,0
354,0,0,0,15,18,0,8,4,12,8,3,8,8,1,8,0,0
355,0,0,0,18,20,0,8,4,18,8,3,12,0,0,0,0,0
356,0,0,0,19,23,0,8,3,11,8,2,11,8,1,11,0,0
357,0,0,0,17,23,0,8,4,14,8,2,10,8,1,10,0,0
358,0,0,0,35,42,0,8,4,27,8,3,17,8,1,17,0,0
359,0,0,0,35,45,0,8,4,27,8,3,19,8,2,19,0,0
360,0,0,0,84,117,0,8,4,84,8,2,51,8,1,51,0,0
361,180,10,5,3,7,0,9,1,11,0,0,0,0,0,0,0,0
362,180,10,5,3,7,0,9,1,11,0,0,0,0,0,0,0,0
363,110,5,5,2,4,0,9,1,7,0,0,0,0,0,0,0,0
364,110,5,5,2,4,0,9,1,7,0,0,0,0,0,0,0,0
365,150,10,5,2,6,0,9,1,9,0,0,0,0,0,0,0,0
366,150,10,5,2,6,0,9,1,9,0,0,0,0,0,0,0,0
367,0,25,10,3,8,0,9,2,4,9,1,8,0,0,0,0,0
368,0,10,5,2,3,0,9,2,3,9,1,2,0,0,0,0,0
369,0,20,10,3,6,0,9,2,5,9,1,5,0,0,0,0,0
370,0,20,10,3,6,0,9,2,4,9,1,6,0,0,0,0,0
371,0,20,10,3,6,0,9,2,6,9,1,4,0,0,0,0,0
372,0,20,10,3,6,0,9,2,5,9,1,5,0,0,0,0,0
373,0,25,10,3,8,0,9,2,6,9,1,6,0,0,0,0,0
374,0,0,15,6,8,0,9,2,4,9,1,8,0,0,0,0,0
375,0,0,10,3,3,0,9,2,3,9,1,2,0,0,0,0,0
376,0,0,15,5,7,0,9,3,6,9,1,4,0,0,0,0,0
377,0,0,15,5,7,0,9,3,6,9,2,4,0,0,0,0,0
378,0,0,15,5,7,0,9,3,6,9,1,4,0,0,0,0,0
379,0,0,15,5,7,0,9,3,6,9,2,4,0,0,0,0,0
380,0,0,15,6,8,0,9,3,5,9,2,4,9,1,4,0,0
381,0,0,30,12,16,0,9,3,9,9,2,9,9,1,9,0,0
382,0,0,0,10,9,0,9,2,7,9,1,10,0,0,0,0,0
383,0,0,0,7,7,0,9,3,7,9,1,5,0,0,0,0,0
384,0,0,0,10,9,0,9,3,7,9,2,10,0,0,0,0,0
385,0,0,0,10,9,0,9,4,10,9,1,6,0,0,0,0,0
386,0,0,0,10,9,0,9,4,10,9,2,6,0,0,0,0,0
387,0,0,0,10,10,0,9,3,10,9,1,7,0,0,0,0,0
388,0,0,0,14,14,0,9,3,9,9,2,14,0,0,0,0,0
389,0,0,0,15,16,0,9,4,15,9,1,10,0,0,0,0,0
390,0,0,0,11,12,0,9,4,9,9,3,6,9,1,6,0,0
391,0,0,0,10,11,0,9,4,8,9,3,5,9,2,5,0,0
392,0,0,0,16,18,0,9,4,12,9,2,8,9,1,8,0,0
393,0,0,0,10,9,0,9,4,10,9,3,7,0,0,0,0,0
394,0,0,0,21,22,0,9,3,5,9,2,5,9,1,5,0,0
395,0,0,0,7,7,0,9,2,5,9,1,7,0,0,0,0,0
396,0,0,0,20,22,0,9,4,8,9,3,5,9,1,5,0,0
397,0,0,0,22,25,0,9,4,8,9,3,6,9,2,6,0,0
398,0,0,0,10,10,0,9,4,10,9,2,7,0,0,0,0,0
399,0,0,0,24,27,0,9,4,11,9,3,8,9,1,8,0,0
400,0,0,0,10,11,0,9,4,10,9,3,7,0,0,0,0,0
401,0,0,0,21,23,0,9,3,6,9,2,6,9,1,6,0,0
402,0,0,0,22,24,0,9,4,9,9,2,6,9,1,6,0,0
403,0,0,0,10,12,0,9,4,8,9,3,5,9,1,5,0,0
404,0,0,0,27,32,0,9,4,13,9,3,9,9,2,9,0,0
405,0,0,0,24,29,0,9,4,13,9,2,8,9,1,8,0,0
406,180,10,5,3,7,0,10,1,11,0,0,0,0,0,0,0,0
407,180,10,5,3,7,0,10,1,11,0,0,0,0,0,0,0,0
408,110,5,5,2,4,0,10,1,7,0,0,0,0,0,0,0,0
409,110,5,5,2,4,0,10,1,7,0,0,0,0,0,0,0,0
410,150,10,5,2,6,0,10,1,9,0,0,0,0,0,0,0,0
411,150,10,5,2,6,0,10,1,9,0,0,0,0,0,0,0,0
412,0,25,10,3,8,0,10,2,4,10,1,8,0,0,0,0,0
413,0,10,5,2,3,0,10,2,3,10,1,2,0,0,0,0,0
414,0,20,10,3,6,0,10,2,5,10,1,5,0,0,0,0,0
415,0,20,10,3,6,0,10,2,4,10,1,6,0,0,0,0,0
416,0,20,10,3,6,0,10,2,6,10,1,4,0,0,0,0,0
417,0,20,10,3,6,0,10,2,5,10,1,5,0,0,0,0,0
418,0,25,10,3,8,0,10,2,6,10,1,6,0,0,0,0,0
419,0,0,15,6,8,0,10,2,4,10,1,8,0,0,0,0,0
420,0,0,10,3,3,0,10,2,3,10,1,2,0,0,0,0,0
421,0,0,15,5,7,0,10,3,6,10,1,4,0,0,0,0,0
422,0,0,15,5,7,0,10,3,6,10,2,4,0,0,0,0,0
423,0,0,15,5,7,0,10,3,6,10,1,4,0,0,0,0,0
424,0,0,15,5,7,0,10,3,6,10,2,4,0,0,0,0,0
425,0,0,15,6,8,0,10,3,5,10,2,4,10,1,4,0,0
426,0,0,30,12,16,0,10,3,9,10,2,9,10,1,9,0,0
427,0,0,0,10,9,0,10,2,7,10,1,10,0,0,0,0,0
428,0,0,0,7,7,0,10,3,7,10,1,5,0,0,0,0,0
429,0,0,0,10,9,0,10,3,7,10,2,10,0,0,0,0,0
430,0,0,0,10,9,0,10,4,10,10,1,6,0,0,0,0,0
431,0,0,0,10,9,0,10,4,10,10,2,6,0,0,0,0,0
432,0,0,0,10,10,0,10,3,10,10,1,7,0,0,0,0,0
433,0,0,0,14,14,0,10,3,9,10,2,14,0,0,0,0,0
434,0,0,0,15,16,0,10,4,15,10,1,10,0,0,0,0,0
435,0,0,0,11,12,0,10,4,9,10,3,6,10,1,6,0,0
436,0,0,0,10,11,0,10,4,8,10,3,5,10,2,5,0,0
437,0,0,0,16,18,0,10,4,12,10,2,8,10,1,8,0,0
438,0,0,0,10,9,0,10,4,10,10,3,7,0,0,0,0,0
439,0,0,0,21,22,0,10,3,5,10,2,5,10,1,5,0,0
440,0,0,0,7,7,0,10,2,5,10,1,7,0,0,0,0,0
441,0,0,0,20,22,0,10,4,8,10,3,5,10,1,5,0,0
442,0,0,0,22,25,0,10,4,8,10,3,6,10,2,6,0,0
443,0,0,0,10,10,0,10,4,10,10,2,7,0,0,0,0,0
444,0,0,0,24,27,0,10,4,11,10,3,8,10,1,8,0,0
445,0,0,0,10,11,0,10,4,10,10,3,7,0,0,0,0,0
446,0,0,0,21,23,0,10,3,6,10,2,6,10,1,6,0,0
447,0,0,0,22,24,0,10,4,9,10,2,6,10,1,6,0,0
448,0,0,0,10,12,0,10,4,8,10,3,5,10,1,5,0,0
449,0,0,0,27,32,0,10,4,13,10,3,9,10,2,9,0,0
450,0,0,0,24,29,0,10,4,13,10,2,8,10,1,8,0,0
451,120,5,5,2,5,0,11,1,7,0,0,0,0,0,0,0,0
452,125,10,5,2,5,0,11,1,8,0,0,0,0,0,0,0,0
453,310,20,10,4,12,0,11,1,19,0,0,0,0,0,0,0,0
454,240,15,5,3,10,0,11,1,14,0,0,0,0,0,0,0,0
455,195,10,5,3,8,0,11,1,12,0,0,0,0,0,0,0,0
456,200,15,5,3,8,0,11,1,12,0,0,0,0,0,0,0,0
457,0,20,10,3,6,0,11,2,3,11,1,6,0,0,0,0,0
458,0,40,15,6,13,0,11,2,13,11,1,7,0,0,0,0,0
459,0,40,15,6,14,0,11,2,11,11,1,11,0,0,0,0,0
460,0,40,15,6,14,0,11,2,8,11,1,14,0,0,0,0,0
461,0,40,15,6,14,0,11,2,14,11,1,8,0,0,0,0,0
462,0,40,15,6,13,0,11,2,10,11,1,10,0,0,0,0,0
463,0,70,25,11,24,0,11,2,19,11,1,19,0,0,0,0,0
464,0,0,25,8,11,0,11,2,6,11,1,10,0,0,0,0,0
465,0,0,30,11,15,0,11,2,14,11,1,8,0,0,0,0,0
466,0,0,25,10,13,0,11,3,12,11,1,7,0,0,0,0,0
467,0,0,30,12,16,0,11,3,15,11,2,9,0,0,0,0,0
468,0,0,35,13,17,0,11,3,16,11,1,9,0,0,0,0,0
469,0,0,25,9,12,0,11,3,11,11,2,7,0,0,0,0,0
470,0,0,30,11,15,0,11,3,10,11,2,7,11,1,7,0,0
471,0,0,30,12,16,0,11,3,8,11,2,8,11,1,8,0,0
472,0,0,0,16,15,0,11,2,11,11,1,16,0,0,0,0,0
473,0,0,0,20,18,0,11,3,20,11,1,13,0,0,0,0,0
474,0,0,0,19,18,0,11,3,13,11,2,19,0,0,0,0,0
475,0,0,0,21,19,0,11,4,21,11,1,14,0,0,0,0,0
476,0,0,0,20,19,0,11,4,20,11,2,14,0,0,0,0,0
477,0,0,0,21,21,0,11,3,21,11,1,14,0,0,0,0,0
478,0,0,0,14,14,0,11,3,9,11,2,14,0,0,0,0,0
479,0,0,0,18,19,0,11,4,18,11,1,12,0,0,0,0,0
480,0,0,0,21,24,0,11,4,16,11,3,11,11,1,11,0,0
481,0,0,0,21,23,0,11,4,16,11,3,10,11,2,10,0,0
482,0,0,0,28,31,0,11,4,21,11,2,14,11,1,14,0,0
483,0,0,0,31,29,0,11,4,31,11,3,21,0,0,0,0,0
484,0,0,0,38,41,0,11,3,15,11,2,15,11,1,15,0,0
485,0,0,0,13,12,0,11,2,9,11,1,13,0,0,0,0,0
486,0,0,0,28,30,0,11,4,13,11,3,9,11,1,9,0,0
487,0,0,0,40,48,0,11,4,23,11,3,16,11,2,16,0,0
488,0,0,0,25,25,0,11,4,25,11,2,17,0,0,0,0,0
489,0,0,0,38,43,0,11,4,21,11,3,15,11,1,15,0,0
490,0,0,0,20,22,0,11,4,20,11,3,13,0,0,0,0,0
491,0,0,0,47,54,0,11,3,21,11,2,21,11,1,21,0,0
492,0,0,0,44,54,0,11,4,26,11,2,19,11,1,19,0,0
493,0,0,0,21,26,0,11,4,17,11,3,11,11,1,11,0,0
494,0,0,0,56,69,0,11,4,35,11,3,25,11,2,25,0,0
495,0,0,0,60,79,0,11,4,50,11,2,30,11,1,30,0,0
496,0,0,0,24,25,0,9,4,21,1,4,21,0,0,0,0,0
497,0,0,0,24,25,0,9,4,21,3,4,21,0,0,0,0,0
498,0,0,0,24,25,0,9,4,21,4,4,21,0,0,0,0,0
499,0,0,0,24,27,0,9,4,21,2,4,21,0,0,0,0,0
500,0,0,0,24,27,0,9,4,21,5,4,21,0,0,0,0,0
501,0,0,0,24,27,0,9,4,21,6,4,21,0,0,0,0,0
502,0,0,0,24,25,0,10,4,21,5,4,21,0,0,0,0,0
503,0,0,0,24,25,0,10,4,21,6,4,21,0,0,0,0,0
504,0,0,0,24,25,0,10,4,21,8,4,21,0,0,0,0,0
505,0,0,0,24,27,0,10,4,21,1,4,21,0,0,0,0,0
506,0,0,0,24,27,0,10,4,21,3,4,21,0,0,0,0,0
507,0,0,0,24,27,0,10,4,21,7,4,21,0,0,0,0,0
508,0,0,0,41,42,0,11,4,36,2,4,36,0,0,0,0,0
509,0,0,0,42,42,0,11,4,37,7,4,37,0,0,0,0,0
510,0,0,0,46,52,0,11,4,41,4,4,41,0,0,0,0,0
511,0,0,0,51,56,0,11,4,45,8,4,45,0,0,0,0,0
512,98,12,9,33,138,1,1,4,18,1,2,11,1,1,11,0,0
513,102,13,9,35,144,1,1,4,19,1,2,12,1,1,12,0,0
514,107,13,9,36,150,2,1,4,20,1,2,12,1,1,12,0,0
515,98,12,9,33,138,1,2,4,18,2,2,11,2,1,11,0,0
516,102,13,9,34,143,1,2,4,19,2,2,11,2,1,11,0,0
517,107,13,9,36,150,1,2,4,20,2,2,12,2,1,12,0,0
518,100,13,9,34,141,1,3,4,19,3,2,11,3,1,11,0,0
519,99,12,9,33,139,2,3,4,19,3,2,11,3,1,11,0,0
520,108,13,9,36,151,1,3,4,20,3,2,12,3,1,12,0,0
521,98,12,9,33,138,1,4,4,18,4,2,11,4,1,11,0,0
522,103,13,9,35,145,1,4,4,19,4,2,12,4,1,12,0,0
523,104,13,9,35,147,2,4,4,20,4,2,12,4,1,12,0,0
524,98,12,9,33,138,1,5,4,18,5,2,11,5,1,11,0,0
525,102,13,9,34,143,1,5,4,19,5,2,11,5,1,11,0,0
526,108,14,9,36,152,1,5,4,20,5,2,12,5,1,12,0,0
527,98,12,9,33,138,1,6,4,18,6,2,11,6,1,11,0,0
528,102,13,9,35,144,1,6,4,19,6,2,12,6,1,12,0,0
529,107,13,9,36,150,2,6,4,20,6,2,12,6,1,12,0,0
530,100,13,9,34,141,1,7,4,19,7,2,11,7,1,11,0,0
531,102,13,9,34,143,2,7,4,19,7,2,11,7,1,11,0,0
532,107,13,9,36,150,1,7,4,20,7,2,12,7,1,12,0,0
533,97,12,9,33,136,2,8,4,18,8,2,11,8,1,11,0,0
534,102,13,9,34,143,2,8,4,19,8,2,11,8,1,11,0,0
535,105,13,9,35,148,2,8,4,20,8,2,12,8,1,12,0,0
536,101,13,9,34,142,2,9,4,19,9,2,11,9,1,11,0,0
537,69,9,6,23,97,2,9,4,13,9,2,8,9,1,8,0,0
538,70,9,6,24,98,1,9,4,13,9,2,8,9,1,8,0,0
539,66,8,6,22,93,2,10,4,12,10,2,7,10,1,7,0,0
540,60,7,5,20,84,2,10,4,11,10,2,7,10,1,7,0,0
541,70,9,6,24,99,2,10,4,13,10,2,8,10,1,8,0,0
542,157,20,14,53,221,2,11,4,29,11,2,18,11,1,18,0,0
543,158,20,14,53,221,2,11,4,30,11,2,18,11,1,18,0,0
544,157,20,14,53,221,2,11,4,29,11,2,18,11,1,18,0,0
545,90,6,2,1,4,0,1,2,3,1,1,5,0,0,0,0,0
546,80,5,2,1,3,0,1,2,3,1,1,4,0,0,0,0,0
547,80,5,2,1,3,0,1,2,3,1,1,4,0,0,0,0,0
548,90,6,2,1,4,0,1,2,3,1,1,5,0,0,0,0,0
549,80,5,2,1,3,0,1,2,3,1,1,4,0,0,0,0,0
550,63,4,2,1,3,0,1,2,2,1,1,3,0,0,0,0,0
551,0,9,4,2,3,0,1,3,2,1,2,2,1,1,3,0,0
552,0,13,5,2,4,0,1,3,3,1,2,3,1,1,5,0,0
553,0,12,5,2,4,0,1,3,3,1,2,3,1,1,4,0,0
554,0,12,4,2,4,0,1,3,3,1,2,3,1,1,4,0,0
555,0,17,6,3,6,0,1,3,4,1,2,4,1,1,6,0,0
556,0,17,6,3,6,0,1,3,4,1,2,4,1,1,6,0,0
557,0,13,5,2,4,0,1,3,3,1,2,3,1,1,5,0,0
558,0,0,16,6,8,0,1,4,9,1,2,6,1,1,6,0,0
559,0,0,14,5,7,0,1,4,8,1,3,5,1,1,5,0,0
560,0,0,11,4,6,0,1,4,6,1,3,4,1,2,4,0,0
561,0,0,15,6,8,0,1,3,7,1,2,7,1,1,7,0,0
562,0,0,14,5,7,0,1,4,8,1,2,5,1,1,5,0,0
563,0,0,15,6,8,0,1,4,9,1,3,5,1,1,5,0,0
564,0,0,14,6,8,0,1,4,8,1,3,5,1,2,5,0,0
565,0,0,15,6,8,0,1,4,8,1,3,5,1,2,5,0,0
566,0,0,0,17,14,0,1,3,12,1,2,12,1,1,12,0,0
567,0,0,0,18,15,0,1,4,12,1,2,12,1,1,12,0,0
568,0,0,0,17,14,0,1,5,7,1,4,11,1,3,11,0,0
569,0,0,0,17,14,0,1,5,7,1,4,11,1,1,11,0,0
570,0,0,0,24,20,0,1,5,10,1,3,15,1,2,15,0,0
571,0,0,0,23,14,0,1,3,12,1,2,12,1,1,12,0,0
572,0,0,0,40,24,0,1,4,18,1,2,18,1,1,18,0,0
573,0,0,0,17,12,0,1,5,6,1,4,8,1,3,8,0,0
574,0,0,0,53,36,0,1,5,17,1,4,25,1,3,25,47594,36
575,0,0,0,33,22,0,1,5,12,1,2,17,1,1,17,47594,22
576,0,0,0,14,12,0,1,5,7,1,4,11,1,3,11,0,0
577,0,0,0,17,15,0,1,5,9,1,4,13,1,3,13,0,0
578,0,0,0,14,9,0,1,5,5,1,4,8,1,2,8,0,0
579,0,0,0,25,18,0,1,5,8,1,2,12,1,1,12,0,0
580,0,0,0,31,23,0,1,5,10,1,4,14,1,3,14,0,0
581,0,0,0,11,9,0,1,5,6,1,4,8,1,3,8,0,0
582,0,0,0,29,22,0,1,5,9,1,2,14,1,1,14,0,0
583,0,0,0,56,37,0,1,5,21,1,4,31,1,3,31,47594,45
584,0,0,0,53,36,0,1,3,23,1,2,23,1,1,23,47594,36
585,0,0,0,53,36,0,1,5,17,1,2,26,1,1,26,47594,49
586,0,0,0,98,65,0,1,5,34,1,4,50,1,3,50,47594,115
587,90,6,2,1,4,0,2,2,3,2,1,5,0,0,0,0,0
588,80,5,2,1,3,0,2,2,3,2,1,4,0,0,0,0,0
589,80,5,2,1,3,0,2,2,3,2,1,4,0,0,0,0,0
590,90,6,2,1,4,0,2,2,3,2,1,5,0,0,0,0,0
591,80,5,2,1,3,0,2,2,3,2,1,4,0,0,0,0,0
592,63,4,2,1,3,0,2,2,2,2,1,3,0,0,0,0,0
593,0,9,4,2,3,0,2,3,2,2,2,2,2,1,3,0,0
594,0,13,5,2,4,0,2,3,3,2,2,3,2,1,5,0,0
595,0,12,5,2,4,0,2,3,3,2,2,3,2,1,4,0,0
596,0,12,4,2,4,0,2,3,3,2,2,3,2,1,4,0,0
597,0,17,6,3,6,0,2,3,4,2,2,4,2,1,6,0,0
598,0,17,6,3,6,0,2,3,4,2,2,4,2,1,6,0,0
599,0,13,5,2,4,0,2,3,3,2,2,3,2,1,5,0,0
600,0,0,16,6,8,0,2,4,9,2,2,6,2,1,6,0,0
601,0,0,14,5,7,0,2,4,8,2,3,5,2,1,5,0,0
602,0,0,11,4,6,0,2,4,6,2,3,4,2,2,4,0,0
603,0,0,15,6,8,0,2,3,7,2,2,7,2,1,7,0,0
604,0,0,14,5,7,0,2,4,8,2,2,5,2,1,5,0,0
605,0,0,15,6,8,0,2,4,9,2,3,5,2,1,5,0,0
606,0,0,14,6,8,0,2,4,8,2,3,5,2,2,5,0,0
607,0,0,15,6,8,0,2,4,8,2,3,5,2,2,5,0,0
608,0,0,0,17,14,0,2,3,12,2,2,12,2,1,12,0,0
609,0,0,0,18,15,0,2,4,12,2,2,12,2,1,12,0,0
610,0,0,0,17,14,0,2,5,7,2,4,11,2,3,11,0,0
611,0,0,0,17,14,0,2,5,7,2,4,11,2,1,11,0,0
612,0,0,0,24,20,0,2,5,10,2,3,15,2,2,15,0,0
613,0,0,0,23,14,0,2,3,12,2,2,12,2,1,12,0,0
614,0,0,0,40,24,0,2,4,18,2,2,18,2,1,18,0,0
615,0,0,0,17,12,0,2,5,6,2,4,8,2,3,8,0,0
616,0,0,0,53,36,0,2,5,17,2,4,25,2,3,25,47594,36
617,0,0,0,33,22,0,2,5,12,2,2,17,2,1,17,47594,22
618,0,0,0,14,12,0,2,5,7,2,4,11,2,3,11,0,0
619,0,0,0,17,15,0,2,5,9,2,4,13,2,3,13,0,0
620,0,0,0,14,9,0,2,5,5,2,4,8,2,2,8,0,0
621,0,0,0,25,18,0,2,5,8,2,2,12,2,1,12,0,0
622,0,0,0,31,23,0,2,5,10,2,4,14,2,3,14,0,0
623,0,0,0,11,9,0,2,5,6,2,4,8,2,3,8,0,0
624,0,0,0,29,22,0,2,5,9,2,2,14,2,1,14,0,0
625,0,0,0,56,37,0,2,5,21,2,4,31,2,3,31,47594,45
626,0,0,0,53,36,0,2,3,23,2,2,23,2,1,23,47594,36
627,0,0,0,53,36,0,2,5,17,2,2,26,2,1,26,47594,49
628,0,0,0,98,65,0,2,5,34,2,4,50,2,3,50,47594,115
629,90,6,2,1,4,0,3,2,3,3,1,5,0,0,0,0,0
630,80,5,2,1,3,0,3,2,3,3,1,4,0,0,0,0,0
631,80,5,2,1,3,0,3,2,3,3,1,4,0,0,0,0,0
632,90,6,2,1,4,0,3,2,3,3,1,5,0,0,0,0,0
633,80,5,2,1,3,0,3,2,3,3,1,4,0,0,0,0,0
634,63,4,2,1,3,0,3,2,2,3,1,3,0,0,0,0,0
635,0,9,4,2,3,0,3,3,2,3,2,2,3,1,3,0,0
636,0,13,5,2,4,0,3,3,3,3,2,3,3,1,5,0,0
637,0,12,5,2,4,0,3,3,3,3,2,3,3,1,4,0,0
638,0,12,4,2,4,0,3,3,3,3,2,3,3,1,4,0,0
639,0,17,6,3,6,0,3,3,4,3,2,4,3,1,6,0,0
640,0,17,6,3,6,0,3,3,4,3,2,4,3,1,6,0,0
641,0,13,5,2,4,0,3,3,3,3,2,3,3,1,5,0,0
642,0,0,16,6,8,0,3,4,9,3,2,6,3,1,6,0,0
643,0,0,14,5,7,0,3,4,8,3,3,5,3,1,5,0,0
644,0,0,11,4,6,0,3,4,6,3,3,4,3,2,4,0,0
645,0,0,15,6,8,0,3,3,7,3,2,7,3,1,7,0,0
646,0,0,14,5,7,0,3,4,8,3,2,5,3,1,5,0,0
647,0,0,15,6,8,0,3,4,9,3,3,5,3,1,5,0,0
648,0,0,14,6,8,0,3,4,8,3,3,5,3,2,5,0,0
649,0,0,15,6,8,0,3,4,8,3,3,5,3,2,5,0,0
650,0,0,0,17,14,0,3,3,12,3,2,12,3,1,12,0,0
651,0,0,0,18,15,0,3,4,12,3,2,12,3,1,12,0,0
652,0,0,0,17,14,0,3,5,7,3,4,11,3,3,11,0,0
653,0,0,0,17,14,0,3,5,7,3,4,11,3,1,11,0,0
654,0,0,0,24,20,0,3,5,10,3,3,15,3,2,15,0,0
655,0,0,0,23,14,0,3,3,12,3,2,12,3,1,12,0,0
656,0,0,0,40,24,0,3,4,18,3,2,18,3,1,18,0,0
657,0,0,0,17,12,0,3,5,6,3,4,8,3,3,8,0,0
658,0,0,0,53,36,0,3,5,17,3,4,25,3,3,25,47594,36
659,0,0,0,33,22,0,3,5,12,3,2,17,3,1,17,47594,22
660,0,0,0,14,12,0,3,5,7,3,4,11,3,3,11,0,0
661,0,0,0,17,15,0,3,5,9,3,4,13,3,3,13,0,0
662,0,0,0,14,9,0,3,5,5,3,4,8,3,2,8,0,0
663,0,0,0,25,18,0,3,5,8,3,2,12,3,1,12,0,0
664,0,0,0,31,23,0,3,5,10,3,4,14,3,3,14,0,0
665,0,0,0,11,9,0,3,5,6,3,4,8,3,3,8,0,0
666,0,0,0,29,22,0,3,5,9,3,2,14,3,1,14,0,0
667,0,0,0,56,37,0,3,5,21,3,4,31,3,3,31,47594,45
668,0,0,0,53,36,0,3,3,23,3,2,23,3,1,23,47594,36
669,0,0,0,53,36,0,3,5,17,3,2,26,3,1,26,47594,49
670,0,0,0,98,65,0,3,5,34,3,4,50,3,3,50,47594,115
671,90,6,2,1,4,0,4,2,3,4,1,5,0,0,0,0,0
672,80,5,2,1,3,0,4,2,3,4,1,4,0,0,0,0,0
673,80,5,2,1,3,0,4,2,3,4,1,4,0,0,0,0,0
674,90,6,2,1,4,0,4,2,3,4,1,5,0,0,0,0,0
675,80,5,2,1,3,0,4,2,3,4,1,4,0,0,0,0,0
676,63,4,2,1,3,0,4,2,2,4,1,3,0,0,0,0,0
677,0,9,4,2,3,0,4,3,2,4,2,2,4,1,3,0,0
678,0,13,5,2,4,0,4,3,3,4,2,3,4,1,5,0,0
679,0,12,5,2,4,0,4,3,3,4,2,3,4,1,4,0,0
680,0,12,4,2,4,0,4,3,3,4,2,3,4,1,4,0,0
681,0,17,6,3,6,0,4,3,4,4,2,4,4,1,6,0,0
682,0,17,6,3,6,0,4,3,4,4,2,4,4,1,6,0,0
683,0,13,5,2,4,0,4,3,3,4,2,3,4,1,5,0,0
684,0,0,16,6,8,0,4,4,9,4,2,6,4,1,6,0,0
685,0,0,14,5,7,0,4,4,8,4,3,5,4,1,5,0,0
686,0,0,11,4,6,0,4,4,6,4,3,4,4,2,4,0,0
687,0,0,15,6,8,0,4,3,7,4,2,7,4,1,7,0,0
688,0,0,14,5,7,0,4,4,8,4,2,5,4,1,5,0,0
689,0,0,15,6,8,0,4,4,9,4,3,5,4,1,5,0,0
690,0,0,14,6,8,0,4,4,8,4,3,5,4,2,5,0,0
691,0,0,15,6,8,0,4,4,8,4,3,5,4,2,5,0,0
692,0,0,0,17,14,0,4,3,12,4,2,12,4,1,12,0,0
693,0,0,0,18,15,0,4,4,12,4,2,12,4,1,12,0,0
694,0,0,0,17,14,0,4,5,7,4,4,11,4,3,11,0,0
695,0,0,0,17,14,0,4,5,7,4,4,11,4,1,11,0,0
696,0,0,0,24,20,0,4,5,10,4,3,15,4,2,15,0,0
697,0,0,0,23,14,0,4,3,12,4,2,12,4,1,12,0,0
698,0,0,0,40,24,0,4,4,18,4,2,18,4,1,18,0,0
699,0,0,0,17,12,0,4,5,6,4,4,8,4,3,8,0,0
700,0,0,0,53,36,0,4,5,17,4,4,25,4,3,25,47594,36
701,0,0,0,33,22,0,4,5,12,4,2,17,4,1,17,47594,22
702,0,0,0,14,12,0,4,5,7,4,4,11,4,3,11,0,0
703,0,0,0,17,15,0,4,5,9,4,4,13,4,3,13,0,0
704,0,0,0,14,9,0,4,5,5,4,4,8,4,2,8,0,0
705,0,0,0,25,18,0,4,5,8,4,2,12,4,1,12,0,0
706,0,0,0,31,23,0,4,5,10,4,4,14,4,3,14,0,0
707,0,0,0,11,9,0,4,5,6,4,4,8,4,3,8,0,0
708,0,0,0,29,22,0,4,5,9,4,2,14,4,1,14,0,0
709,0,0,0,56,37,0,4,5,21,4,4,31,4,3,31,47594,45
710,0,0,0,53,36,0,4,3,23,4,2,23,4,1,23,47594,36
711,0,0,0,53,36,0,4,5,17,4,2,26,4,1,26,47594,49
712,0,0,0,98,65,0,4,5,34,4,4,50,4,3,50,47594,115
713,90,6,2,1,4,0,5,2,3,5,1,5,0,0,0,0,0
714,80,5,2,1,3,0,5,2,3,5,1,4,0,0,0,0,0
715,80,5,2,1,3,0,5,2,3,5,1,4,0,0,0,0,0
716,90,6,2,1,4,0,5,2,3,5,1,5,0,0,0,0,0
717,80,5,2,1,3,0,5,2,3,5,1,4,0,0,0,0,0
718,63,4,2,1,3,0,5,2,2,5,1,3,0,0,0,0,0
719,0,9,4,2,3,0,5,3,2,5,2,2,5,1,3,0,0
720,0,13,5,2,4,0,5,3,3,5,2,3,5,1,5,0,0
721,0,12,5,2,4,0,5,3,3,5,2,3,5,1,4,0,0
722,0,12,4,2,4,0,5,3,3,5,2,3,5,1,4,0,0
723,0,17,6,3,6,0,5,3,4,5,2,4,5,1,6,0,0
724,0,17,6,3,6,0,5,3,4,5,2,4,5,1,6,0,0
725,0,13,5,2,4,0,5,3,3,5,2,3,5,1,5,0,0
726,0,0,16,6,8,0,5,4,9,5,2,6,5,1,6,0,0
727,0,0,14,5,7,0,5,4,8,5,3,5,5,1,5,0,0
728,0,0,11,4,6,0,5,4,6,5,3,4,5,2,4,0,0
729,0,0,15,6,8,0,5,3,7,5,2,7,5,1,7,0,0
730,0,0,14,5,7,0,5,4,8,5,2,5,5,1,5,0,0
731,0,0,15,6,8,0,5,4,9,5,3,5,5,1,5,0,0
732,0,0,14,6,8,0,5,4,8,5,3,5,5,2,5,0,0
733,0,0,15,6,8,0,5,4,8,5,3,5,5,2,5,0,0
734,0,0,0,17,14,0,5,3,12,5,2,12,5,1,12,0,0
735,0,0,0,18,15,0,5,4,12,5,2,12,5,1,12,0,0
736,0,0,0,17,14,0,5,5,7,5,4,11,5,3,11,0,0
737,0,0,0,17,14,0,5,5,7,5,4,11,5,1,11,0,0
738,0,0,0,24,20,0,5,5,10,5,3,15,5,2,15,0,0
739,0,0,0,23,14,0,5,3,12,5,2,12,5,1,12,0,0
740,0,0,0,40,24,0,5,4,18,5,2,18,5,1,18,0,0
741,0,0,0,17,12,0,5,5,6,5,4,8,5,3,8,0,0
742,0,0,0,53,36,0,5,5,17,5,4,25,5,3,25,47594,36
743,0,0,0,33,22,0,5,5,12,5,2,17,5,1,17,47594,22
744,0,0,0,14,12,0,5,5,7,5,4,11,5,3,11,0,0
745,0,0,0,17,15,0,5,5,9,5,4,13,5,3,13,0,0
746,0,0,0,14,9,0,5,5,5,5,4,8,5,2,8,0,0
747,0,0,0,25,18,0,5,5,8,5,2,12,5,1,12,0,0
748,0,0,0,31,23,0,5,5,10,5,4,14,5,3,14,0,0
749,0,0,0,11,9,0,5,5,6,5,4,8,5,3,8,0,0
750,0,0,0,29,22,0,5,5,9,5,2,14,5,1,14,0,0
751,0,0,0,56,37,0,5,5,21,5,4,31,5,3,31,47594,45
752,0,0,0,53,36,0,5,3,23,5,2,23,5,1,23,47594,36
753,0,0,0,53,36,0,5,5,17,5,2,26,5,1,26,47594,49
754,0,0,0,98,65,0,5,5,34,5,4,50,5,3,50,47594,115
755,90,6,2,1,4,0,6,2,3,6,1,5,0,0,0,0,0
756,80,5,2,1,3,0,6,2,3,6,1,4,0,0,0,0,0
757,80,5,2,1,3,0,6,2,3,6,1,4,0,0,0,0,0
758,90,6,2,1,4,0,6,2,3,6,1,5,0,0,0,0,0
759,80,5,2,1,3,0,6,2,3,6,1,4,0,0,0,0,0
760,63,4,2,1,3,0,6,2,2,6,1,3,0,0,0,0,0
761,0,9,4,2,3,0,6,3,2,6,2,2,6,1,3,0,0
762,0,13,5,2,4,0,6,3,3,6,2,3,6,1,5,0,0
763,0,12,5,2,4,0,6,3,3,6,2,3,6,1,4,0,0
764,0,12,4,2,4,0,6,3,3,6,2,3,6,1,4,0,0
765,0,17,6,3,6,0,6,3,4,6,2,4,6,1,6,0,0
766,0,17,6,3,6,0,6,3,4,6,2,4,6,1,6,0,0
767,0,13,5,2,4,0,6,3,3,6,2,3,6,1,5,0,0
768,0,0,16,6,8,0,6,4,9,6,2,6,6,1,6,0,0
769,0,0,14,5,7,0,6,4,8,6,3,5,6,1,5,0,0
770,0,0,11,4,6,0,6,4,6,6,3,4,6,2,4,0,0
771,0,0,15,6,8,0,6,3,7,6,2,7,6,1,7,0,0
772,0,0,14,5,7,0,6,4,8,6,2,5,6,1,5,0,0
773,0,0,15,6,8,0,6,4,9,6,3,5,6,1,5,0,0
774,0,0,14,6,8,0,6,4,8,6,3,5,6,2,5,0,0
775,0,0,15,6,8,0,6,4,8,6,3,5,6,2,5,0,0
776,0,0,0,17,14,0,6,3,12,6,2,12,6,1,12,0,0
777,0,0,0,18,15,0,6,4,12,6,2,12,6,1,12,0,0
778,0,0,0,17,14,0,6,5,7,6,4,11,6,3,11,0,0
779,0,0,0,17,14,0,6,5,7,6,4,11,6,1,11,0,0
780,0,0,0,24,20,0,6,5,10,6,3,15,6,2,15,0,0
781,0,0,0,23,14,0,6,3,12,6,2,12,6,1,12,0,0
782,0,0,0,40,24,0,6,4,18,6,2,18,6,1,18,0,0
783,0,0,0,17,12,0,6,5,6,6,4,8,6,3,8,0,0
784,0,0,0,53,36,0,6,5,17,6,4,25,6,3,25,47594,36
785,0,0,0,33,22,0,6,5,12,6,2,17,6,1,17,47594,22
786,0,0,0,14,12,0,6,5,7,6,4,11,6,3,11,0,0
787,0,0,0,17,15,0,6,5,9,6,4,13,6,3,13,0,0
788,0,0,0,14,9,0,6,5,5,6,4,8,6,2,8,0,0
789,0,0,0,25,18,0,6,5,8,6,2,12,6,1,12,0,0
790,0,0,0,31,23,0,6,5,10,6,4,14,6,3,14,0,0
791,0,0,0,11,9,0,6,5,6,6,4,8,6,3,8,0,0
792,0,0,0,29,22,0,6,5,9,6,2,14,6,1,14,0,0
793,0,0,0,56,37,0,6,5,21,6,4,31,6,3,31,47594,45
794,0,0,0,53,36,0,6,3,23,6,2,23,6,1,23,47594,36
795,0,0,0,53,36,0,6,5,17,6,2,26,6,1,26,47594,49
796,0,0,0,98,65,0,6,5,34,6,4,50,6,3,50,47594,115
797,90,6,2,1,4,0,7,2,3,7,1,5,0,0,0,0,0
798,80,5,2,1,3,0,7,2,3,7,1,4,0,0,0,0,0
799,80,5,2,1,3,0,7,2,3,7,1,4,0,0,0,0,0
800,90,6,2,1,4,0,7,2,3,7,1,5,0,0,0,0,0
801,80,5,2,1,3,0,7,2,3,7,1,4,0,0,0,0,0
802,63,4,2,1,3,0,7,2,2,7,1,3,0,0,0,0,0
803,0,9,4,2,3,0,7,3,2,7,2,2,7,1,3,0,0
804,0,13,5,2,4,0,7,3,3,7,2,3,7,1,5,0,0
805,0,12,5,2,4,0,7,3,3,7,2,3,7,1,4,0,0
806,0,12,4,2,4,0,7,3,3,7,2,3,7,1,4,0,0
807,0,17,6,3,6,0,7,3,4,7,2,4,7,1,6,0,0
808,0,17,6,3,6,0,7,3,4,7,2,4,7,1,6,0,0
809,0,13,5,2,4,0,7,3,3,7,2,3,7,1,5,0,0
810,0,0,16,6,8,0,7,4,9,7,2,6,7,1,6,0,0
811,0,0,14,5,7,0,7,4,8,7,3,5,7,1,5,0,0
812,0,0,11,4,6,0,7,4,6,7,3,4,7,2,4,0,0
813,0,0,15,6,8,0,7,3,7,7,2,7,7,1,7,0,0
814,0,0,14,5,7,0,7,4,8,7,2,5,7,1,5,0,0
815,0,0,15,6,8,0,7,4,9,7,3,5,7,1,5,0,0
816,0,0,14,6,8,0,7,4,8,7,3,5,7,2,5,0,0
817,0,0,15,6,8,0,7,4,8,7,3,5,7,2,5,0,0
818,0,0,0,17,14,0,7,3,12,7,2,12,7,1,12,0,0
819,0,0,0,18,15,0,7,4,12,7,2,12,7,1,12,0,0
820,0,0,0,17,14,0,7,5,7,7,4,11,7,3,11,0,0
821,0,0,0,17,14,0,7,5,7,7,4,11,7,1,11,0,0
822,0,0,0,24,20,0,7,5,10,7,3,15,7,2,15,0,0
823,0,0,0,23,14,0,7,3,12,7,2,12,7,1,12,0,0
824,0,0,0,40,24,0,7,4,18,7,2,18,7,1,18,0,0
825,0,0,0,17,12,0,7,5,6,7,4,8,7,3,8,0,0
826,0,0,0,53,36,0,7,5,17,7,4,25,7,3,25,47594,36
827,0,0,0,33,22,0,7,5,12,7,2,17,7,1,17,47594,22
828,0,0,0,14,12,0,7,5,7,7,4,11,7,3,11,0,0
829,0,0,0,17,15,0,7,5,9,7,4,13,7,3,13,0,0
830,0,0,0,14,9,0,7,5,5,7,4,8,7,2,8,0,0
831,0,0,0,25,18,0,7,5,8,7,2,12,7,1,12,0,0
832,0,0,0,31,23,0,7,5,10,7,4,14,7,3,14,0,0
833,0,0,0,11,9,0,7,5,6,7,4,8,7,3,8,0,0
834,0,0,0,29,22,0,7,5,9,7,2,14,7,1,14,0,0
835,0,0,0,56,37,0,7,5,21,7,4,31,7,3,31,47594,45
836,0,0,0,53,36,0,7,3,23,7,2,23,7,1,23,47594,36
837,0,0,0,53,36,0,7,5,17,7,2,26,7,1,26,47594,49
838,0,0,0,98,65,0,7,5,34,7,4,50,7,3,50,47594,115
839,90,6,2,1,4,0,8,2,3,8,1,5,0,0,0,0,0
840,80,5,2,1,3,0,8,2,3,8,1,4,0,0,0,0,0
841,80,5,2,1,3,0,8,2,3,8,1,4,0,0,0,0,0
842,90,6,2,1,4,0,8,2,3,8,1,5,0,0,0,0,0
843,80,5,2,1,3,0,8,2,3,8,1,4,0,0,0,0,0
844,63,4,2,1,3,0,8,2,2,8,1,3,0,0,0,0,0
845,0,9,4,2,3,0,8,3,2,8,2,2,8,1,3,0,0
846,0,13,5,2,4,0,8,3,3,8,2,3,8,1,5,0,0
847,0,12,5,2,4,0,8,3,3,8,2,3,8,1,4,0,0
848,0,12,4,2,4,0,8,3,3,8,2,3,8,1,4,0,0
849,0,17,6,3,6,0,8,3,4,8,2,4,8,1,6,0,0
850,0,17,6,3,6,0,8,3,4,8,2,4,8,1,6,0,0
851,0,13,5,2,4,0,8,3,3,8,2,3,8,1,5,0,0
852,0,0,16,6,8,0,8,4,9,8,2,6,8,1,6,0,0
853,0,0,14,5,7,0,8,4,8,8,3,5,8,1,5,0,0
854,0,0,11,4,6,0,8,4,6,8,3,4,8,2,4,0,0
855,0,0,15,6,8,0,8,3,7,8,2,7,8,1,7,0,0
856,0,0,14,5,7,0,8,4,8,8,2,5,8,1,5,0,0
857,0,0,15,6,8,0,8,4,9,8,3,5,8,1,5,0,0
858,0,0,14,6,8,0,8,4,8,8,3,5,8,2,5,0,0
859,0,0,15,6,8,0,8,4,8,8,3,5,8,2,5,0,0
860,0,0,0,17,14,0,8,3,12,8,2,12,8,1,12,0,0
861,0,0,0,18,15,0,8,4,12,8,2,12,8,1,12,0,0
862,0,0,0,17,14,0,8,5,7,8,4,11,8,3,11,0,0
863,0,0,0,17,14,0,8,5,7,8,4,11,8,1,11,0,0
864,0,0,0,24,20,0,8,5,10,8,3,15,8,2,15,0,0
865,0,0,0,23,14,0,8,3,12,8,2,12,8,1,12,0,0
866,0,0,0,40,24,0,8,4,18,8,2,18,8,1,18,0,0
867,0,0,0,17,12,0,8,5,6,8,4,8,8,3,8,0,0
868,0,0,0,53,36,0,8,5,17,8,4,25,8,3,25,47594,36
869,0,0,0,33,22,0,8,5,12,8,2,17,8,1,17,47594,22
870,0,0,0,14,12,0,8,5,7,8,4,11,8,3,11,0,0
871,0,0,0,17,15,0,8,5,9,8,4,13,8,3,13,0,0
872,0,0,0,14,9,0,8,5,5,8,4,8,8,2,8,0,0
873,0,0,0,25,18,0,8,5,8,8,2,12,8,1,12,0,0
874,0,0,0,31,23,0,8,5,10,8,4,14,8,3,14,0,0
875,0,0,0,11,9,0,8,5,6,8,4,8,8,3,8,0,0
876,0,0,0,29,22,0,8,5,9,8,2,14,8,1,14,0,0
877,0,0,0,56,37,0,8,5,21,8,4,31,8,3,31,47594,45
878,0,0,0,53,36,0,8,3,23,8,2,23,8,1,23,47594,36
879,0,0,0,53,36,0,8,5,17,8,2,26,8,1,26,47594,49
880,0,0,0,98,65,0,8,5,34,8,4,50,8,3,50,47594,115
881,133,8,3,2,5,0,9,2,5,9,1,7,0,0,0,0,0
882,100,6,3,2,4,0,9,2,4,9,1,5,0,0,0,0,0
883,167,10,4,2,7,0,9,2,6,9,1,9,0,0,0,0,0
884,0,0,12,5,6,0,9,4,6,9,2,4,9,1,4,0,0
885,0,0,9,4,5,0,9,4,5,9,3,3,9,1,3,0,0
886,0,0,14,6,8,0,9,4,8,9,3,5,9,2,5,0,0
887,0,0,9,3,5,0,9,4,5,9,3,3,9,1,3,0,0
888,100,6,3,1,4,0,9,2,4,9,1,5,0,0,0,0,0
889,100,6,3,2,4,0,9,2,4,9,1,5,0,0,0,0,0
890,167,10,4,2,7,0,9,2,6,9,1,9,0,0,0,0,0
891,0,0,0,28,19,0,9,5,9,9,4,13,9,3,13,47594,19
892,0,0,9,3,5,0,9,3,4,9,2,4,9,1,4,0,0
893,0,0,9,3,5,0,9,4,5,9,2,3,9,1,3,0,0
894,0,0,14,6,8,0,9,4,8,9,3,5,9,2,5,0,0
895,0,0,9,4,5,0,9,4,5,9,3,3,9,2,3,0,0
896,0,0,0,23,15,0,9,5,8,9,2,12,9,1,12,47594,15
897,0,0,0,8,7,0,9,5,4,9,4,6,9,3,6,0,0
898,0,0,0,15,9,0,9,5,6,9,4,8,9,2,8,0,0
899,0,0,0,7,6,0,9,5,3,9,4,5,9,1,5,0,0
900,0,0,0,7,6,0,9,5,4,9,3,6,9,2,6,0,0
901,0,0,0,12,7,0,9,3,6,9,2,6,9,1,6,0,0
902,0,17,6,3,6,0,9,3,4,9,2,4,9,1,6,0,0
903,0,21,7,3,7,0,9,3,5,9,2,5,9,1,8,0,0
904,0,13,5,2,4,0,9,3,3,9,2,3,9,1,5,0,0
905,0,13,5,2,4,0,9,3,3,9,2,3,9,1,5,0,0
906,0,0,0,8,7,0,9,3,6,9,2,6,9,1,6,0,0
907,0,0,0,7,6,0,9,4,5,9,2,5,9,1,5,0,0
908,0,0,0,10,8,0,9,5,5,9,4,8,9,3,8,0,0
909,0,0,0,21,13,0,9,4,10,9,2,10,9,1,10,0,0
910,0,0,0,8,8,0,9,5,4,9,4,6,9,3,6,0,0
911,0,13,5,2,5,0,9,3,3,9,2,3,9,1,5,0,0
912,0,13,5,2,4,0,9,3,3,9,2,3,9,1,5,0,0
913,0,21,7,3,8,0,9,3,5,9,2,5,9,1,8,0,0
914,0,0,0,10,9,0,9,5,3,9,4,5,9,3,5,0,0
915,0,0,0,14,10,0,9,5,5,9,2,7,9,1,7,0,0
916,0,0,0,15,12,0,9,5,5,9,4,7,9,3,7,0,0
917,0,0,0,33,24,0,9,5,11,9,4,16,9,3,16,0,0
918,0,0,0,27,21,0,9,5,6,9,2,10,9,1,10,0,0
919,0,0,0,31,22,0,9,5,9,9,4,14,9,3,14,47594,19
920,0,0,0,30,20,0,9,3,13,9,2,13,9,1,13,47594,19
921,0,0,0,25,17,0,9,5,9,9,2,13,9,1,13,47594,23
922,0,0,0,40,27,0,9,5,16,9,4,23,9,3,23,47594,49
923,133,8,3,2,5,0,10,2,5,10,1,7,0,0,0,0,0
924,100,6,3,2,4,0,10,2,4,10,1,5,0,0,0,0,0
925,167,10,4,2,7,0,10,2,6,10,1,9,0,0,0,0,0
926,0,0,12,5,6,0,10,4,6,10,2,4,10,1,4,0,0
927,0,0,9,4,5,0,10,4,5,10,3,3,10,1,3,0,0
928,0,0,14,6,8,0,10,4,8,10,3,5,10,2,5,0,0
929,0,0,9,3,5,0,10,4,5,10,3,3,10,1,3,0,0
930,100,6,3,1,4,0,10,2,4,10,1,5,0,0,0,0,0
931,100,6,3,2,4,0,10,2,4,10,1,5,0,0,0,0,0
932,167,10,4,2,7,0,10,2,6,10,1,9,0,0,0,0,0
933,0,0,0,28,19,0,10,5,9,10,4,13,10,3,13,47594,19
934,0,0,9,3,5,0,10,3,4,10,2,4,10,1,4,0,0
935,0,0,9,3,5,0,10,4,5,10,2,3,10,1,3,0,0
936,0,0,14,6,8,0,10,4,8,10,3,5,10,2,5,0,0
937,0,0,9,4,5,0,10,4,5,10,3,3,10,2,3,0,0
938,0,0,0,23,15,0,10,5,8,10,2,12,10,1,12,47594,15
939,0,0,0,8,7,0,10,5,4,10,4,6,10,3,6,0,0
940,0,0,0,15,9,0,10,5,6,10,4,8,10,2,8,0,0
941,0,0,0,7,6,0,10,5,3,10,4,5,10,1,5,0,0
942,0,0,0,7,6,0,10,5,4,10,3,6,10,2,6,0,0
943,0,0,0,12,7,0,10,3,6,10,2,6,10,1,6,0,0
944,0,17,6,3,6,0,10,3,4,10,2,4,10,1,6,0,0
945,0,21,7,3,7,0,10,3,5,10,2,5,10,1,8,0,0
946,0,13,5,2,4,0,10,3,3,10,2,3,10,1,5,0,0
947,0,13,5,2,4,0,10,3,3,10,2,3,10,1,5,0,0
948,0,0,0,8,7,0,10,3,6,10,2,6,10,1,6,0,0
949,0,0,0,7,6,0,10,4,5,10,2,5,10,1,5,0,0
950,0,0,0,10,8,0,10,5,5,10,4,8,10,3,8,0,0
951,0,0,0,21,13,0,10,4,10,10,2,10,10,1,10,0,0
952,0,0,0,8,8,0,10,5,4,10,4,6,10,3,6,0,0
953,0,13,5,2,5,0,10,3,3,10,2,3,10,1,5,0,0
954,0,13,5,2,4,0,10,3,3,10,2,3,10,1,5,0,0
955,0,21,7,3,8,0,10,3,5,10,2,5,10,1,8,0,0
956,0,0,0,10,9,0,10,5,3,10,4,5,10,3,5,0,0
957,0,0,0,14,10,0,10,5,5,10,2,7,10,1,7,0,0
958,0,0,0,15,12,0,10,5,5,10,4,7,10,3,7,0,0
959,0,0,0,33,24,0,10,5,11,10,4,16,10,3,16,0,0
960,0,0,0,26,20,0,10,5,6,10,2,10,10,1,10,0,0
961,0,0,0,30,21,0,10,5,9,10,4,14,10,3,14,47594,19
962,0,0,0,30,20,0,10,3,13,10,2,13,10,1,13,47594,19
963,0,0,0,26,17,0,10,5,9,10,2,13,10,1,13,47594,23
964,0,0,0,40,27,0,10,5,16,10,4,23,10,3,23,47594,49
965,119,7,3,2,5,0,11,2,4,11,1,6,0,0,0,0,0
966,117,7,3,2,5,0,11,2,4,11,1,6,0,0,0,0,0
967,306,19,7,5,13,0,11,2,11,11,1,17,0,0,0,0,0
968,254,16,6,4,10,0,11,2,9,11,1,14,0,0,0,0,0
969,183,11,4,3,8,0,11,2,7,11,1,10,0,0,0,0,0
970,198,12,5,3,8,0,11,2,7,11,1,11,0,0,0,0,0
971,0,18,6,3,7,0,11,3,4,11,2,4,11,1,6,0,0
972,0,37,13,6,14,0,11,3,8,11,2,8,11,1,13,0,0
973,0,40,14,6,14,0,11,3,9,11,2,9,11,1,14,0,0
974,0,46,16,8,17,0,11,3,10,11,2,10,11,1,16,0,0
975,0,36,12,5,12,0,11,3,8,11,2,8,11,1,13,0,0
976,0,45,15,7,15,0,11,3,10,11,2,10,11,1,16,0,0
977,0,48,16,8,18,0,11,3,10,11,2,10,11,1,17,0,0
978,0,0,13,6,8,0,11,4,7,11,2,5,11,1,5,0,0
979,0,0,17,7,9,0,11,4,10,11,3,6,11,1,6,0,0
980,0,0,10,4,6,0,11,4,6,11,3,3,11,2,3,0,0
981,0,0,11,4,5,0,11,3,5,11,2,5,11,1,5,0,0
982,0,0,17,7,9,0,11,4,9,11,2,6,11,1,6,0,0
983,0,0,15,6,9,0,11,4,8,11,3,5,11,1,5,0,0
984,0,0,33,14,19,0,11,4,19,11,3,12,11,2,12,0,0
985,0,0,37,15,20,0,11,4,21,11,3,13,11,2,13,0,0
986,0,0,0,16,14,0,11,3,11,11,2,11,11,1,11,0,0
987,0,0,0,11,10,0,11,4,8,11,2,8,11,1,8,0,0
988,0,0,0,21,18,0,11,5,10,11,4,14,11,3,14,0,0
989,0,0,0,9,7,0,11,5,4,11,4,7,11,1,7,0,0
990,0,0,0,9,8,0,11,5,5,11,3,7,11,2,7,0,0
991,0,0,0,19,11,0,11,3,9,11,2,9,11,1,9,0,0
992,0,0,0,12,7,0,11,4,6,11,2,6,11,1,6,0,0
993,0,0,0,15,11,0,11,5,5,11,4,8,11,3,8,0,0
994,0,0,0,23,16,0,11,5,9,11,4,13,11,3,13,47594,16
995,0,0,0,33,22,0,11,5,12,11,2,19,11,1,19,47594,22
996,0,0,0,9,8,0,11,5,4,11,4,6,11,3,6,0,0
997,0,0,0,13,12,0,11,5,6,11,4,8,11,3,8,0,0
998,0,0,0,21,13,0,11,5,8,11,4,11,11,2,11,0,0
999,0,0,0,30,22,0,11,5,10,11,2,15,11,1,15,0,0
1000,0,0,0,16,13,0,11,5,6,11,4,8,11,3,8,0,0
1001,0,0,0,17,17,0,11,5,9,11,4,13,11,3,13,0,0
1002,0,0,0,19,15,0,11,5,5,11,2,8,11,1,8,0,0
1003,0,0,0,46,32,0,11,5,16,11,4,24,11,3,24,47594,33
1004,0,0,0,50,33,0,11,3,28,11,2,28,11,1,28,47594,33
1005,0,0,0,55,37,0,11,5,19,11,2,29,11,1,29,47594,48
1006,0,0,0,77,52,0,11,5,32,11,4,48,11,3,48,47594,95
1007,55,7,5,19,78,1,1,3,12,1,2,12,1,1,12,0,0
1008,55,7,5,19,78,1,1,5,8,1,4,12,1,3,12,0,0
1009,55,7,5,19,78,1,1,5,8,1,4,12,1,2,12,0,0
1010,55,7,5,19,78,2,2,3,12,2,2,12,2,1,12,0,0
1011,55,7,5,19,78,2,2,5,8,2,4,12,2,3,12,0,0
1012,55,7,5,19,78,2,2,5,8,2,4,12,2,2,12,0,0
1013,55,7,5,19,78,2,3,3,12,3,2,12,3,1,12,0,0
1014,55,7,5,19,78,1,3,5,8,3,4,12,3,3,12,0,0
1015,55,7,5,19,78,1,3,5,8,3,4,12,3,2,12,0,0
1016,55,7,5,19,78,2,4,3,12,4,2,12,4,1,12,0,0
1017,55,7,5,19,78,1,4,5,8,4,4,12,4,3,12,0,0
1018,55,7,5,19,78,1,4,5,8,4,4,12,4,2,12,0,0
1019,55,7,5,19,78,1,5,3,12,5,2,12,5,1,12,0,0
1020,55,7,5,19,78,2,5,5,8,5,4,12,5,3,12,0,0
1021,55,7,5,19,78,1,5,5,8,5,4,12,5,2,12,0,0
1022,55,7,5,19,78,2,6,3,12,6,2,12,6,1,12,0,0
1023,55,7,5,19,78,1,6,5,8,6,4,12,6,3,12,0,0
1024,55,7,5,19,78,2,6,5,8,6,4,12,6,2,12,0,0
1025,55,7,5,19,78,1,7,3,12,7,2,12,7,1,12,0,0
1026,55,7,5,19,78,2,7,5,8,7,4,12,7,3,12,0,0
1027,55,7,5,19,78,2,7,5,8,7,4,12,7,2,12,0,0
1028,55,7,5,19,78,1,8,3,12,8,2,12,8,1,12,0,0
1029,55,7,5,19,78,2,8,5,8,8,4,12,8,3,12,0,0
1030,55,7,5,19,78,2,8,5,8,8,4,12,8,2,12,0,0
1031,36,4,3,12,50,2,9,3,8,9,2,8,9,1,8,0,0
1032,36,4,3,12,50,1,9,5,5,9,4,8,9,3,8,0,0
1033,36,4,3,12,50,1,9,5,5,9,4,8,9,2,8,0,0
1034,36,4,3,12,50,1,10,3,8,10,2,8,10,1,8,0,0
1035,36,4,3,12,50,2,10,5,5,10,4,8,10,3,8,0,0
1036,36,4,3,12,50,1,10,5,5,10,4,8,10,2,8,0,0
1037,40,5,4,14,57,1,11,3,9,11,2,9,11,1,9,0,0
1038,54,7,5,18,76,2,11,5,8,11,4,12,11,3,12,0,0
1039,38,5,4,13,54,2,11,5,6,11,4,9,11,2,9,0,0
