#,Unknown0,Unknown1
0,,
1,Shinra,しんら
2,Mako,まこう
3,Tifa,てぃふぁ
4,Cloud,くらうど
5,Barret,ばれっと
6,Jessie,じぇしー
7,Biggs,びっぐす
8,Wedge,うぇっじ
9,SOLDAT,そるじゃー
10,Avalanche,あばらんち
11,Auslöscher,すいーぱー
12,Heidegger,はいでっかー
13,星の悲鳴,ほしのひめい
14,Sektor 8,はちばんがい
15,Interessiert mich nicht.,きょうみないね
16,Mako-Reaktor 1,いちばんまこうろ
17,Wachskorpion,がーどすこーぴおん
18,Direktor Shinra,ぷれじでんとしんら
19,"Denkt nicht, ich wäre einer von euch.",かってになかまにするな
20,"Wenn das hier vorbei ist, bin ich weg.",しごとがおわればたにんだ
21,強気と馬鹿は紙一重,つよきとばかはかみひとえ
22,がっかりさせんじゃねえぞ,がっかりさせんじゃねえぞ
23,Moppelmogry,でぶもーぐり
24,Kosmoritter,うちゅうきしだん
25,ein Mann mit Gewehrarm,かたうでがじゅうのおとこ
26,Gefängnis von Corel,これるぷりずん
27,Gus,ろんりーげす
28,Garth,ぶらざーがす
29,Corneo-Clan,こるねおふぁみりー
30,Esther,えすと
31,Joe,じょー
32,Ring frei zur ersten Runde!,じんせいはたたかいだ
33,なんでタークスの制服って黒なんですか！,なんでたーくすのせいふくってくろなんですか
34,Höchst erfreut!,よろしゅう
35,Chocobox,ちょこぼう
36,Eleanor,えれのあ
37,Myna,みーな
38,Gib mir ein Elixier!,えりくさーちょうだい
39,Gib mir einen Bumerang!,ぶーめらんちょうだい
40,バスターソードちょうだい！,ばすたーそーどちょうだい
41,釘バットちょうだい！,くぎばっとちょうだい
42,アサルトガンちょうだい！,あさるとがんちょうだい
43,ハートビートちょうだい！,はーとびーとちょうだい
44,ガードロッドちょうだい！,がーどろっどちょうだい
45,スターブレスちょうだい！,すたーぶれすちょうだい
46,レザーガードちょうだい！,れざーがーどちょうだい
47,Gib mir einen Kraftreif!,ぱわーりすとちょうだい
48,Gib mir einen Talisman!,たりすまんちょうだい
49,Gib mir Ohrringe!,いやりんぐちょうだい
50,マジックリングちょうだい！,まじっくりんぐちょうだい
51,Gib mir eine Schleife!,りぼんちょうだい
52,ポーションちょうだい！,ぽーしょんちょうだい
53,Gib mir einen Äther!,えーてるちょうだい
54,金の針ちょうだい！,きんのはりちょうだい
55,ケアルちょうだい！,けあるちょうだい
56,リフレクちょうだい！,りふれくちょうだい
57,エスナちょうだい！,えすなちょうだい
58,リジェネちょうだい！,りじぇねちょうだい
59,クポチャームちょうだい！,くぽちゃーむちょうだい
60,ミストシードちょうだい！,みすとしーどちょうだい
61,乙女のキッスちょうだい！,おとめのきっすちょうだい
62,Gib mir ein Kissen!,ざぶとんちょうだい
63,星の恵みちょうだい！,ほしのめぐみちょうだい
64,マテリアちょうだい！,まてりあちょうだい
65,クラフトチップちょうだい！,くらふとちっぷちょうだい
66,ミスリルカラーちょうだい！,みすりるからーちょうだい
67,Gib mir ein Stirnband!,はちまきちょうだい
68,源氏の小手ちょうだい！,げんじのこてちょうだい
69,"Auf geht's, Rekrut!",いくぞしんいり
70,星の悲鳴が聞こえねえか、クラウドさんよ！,ほしのひめいがきこえねえかくらうどさんよ
71,Ich brauch keinen Dank. Werd ja bezahlt.,しごとのうちだれいはいらない
72,Marlene,まりん
73,Bist ja 'n echter Poet!,しみる～
74,Aerith,えありす
75,Zack,ざっくす
76,Sephiroth,せふぃろす
77,Moira,ふぃーらー
78,Shinra-Truppen,しんらへい
79,Nibelheim,にぶるへいむ
80,Es geht um die Rettung der Welt.,ほしのいのち
81,Sektor 1,いちばんがい
82,Wachhund,がーどはうんど
83,Hier! Für dich. Ist 'ne echte Blume.,おはなどうぞ
84,Shinras Sicherheitstruppe,ちあんいじぶたい
85,Slums von Sektor 7,ななばんがいすらむ
86,Ich lass mich nicht erpressen.,おどしにはくっしない
87,"Nicht verzagen, Barret fragen!",はっじょうとうだ
88,八番街ステーション,はちばんがいすてーしょん
89,Der Onkel wird das Kind schon schaukeln.,ぜーんぶおれがせおってやる
90,Dein Job ist noch nicht zu Ende.,あじとにかえるまでがさくせんだ
91,生き延びるのは運がいい奴か、強い奴だ,いきのびるのはうんがいいやつかつよいやつだ
92,わたしたちの星が消えてしまうのだ,わたしたちのほしがきえてしまうのだ
93,Unser Weg ist uns vorherbestimmt.,しかれたれーるにはさからえないんだ
94,Marle,まーれ
95,Wymer,わいまー
96,Johnny,じょにー
97,Gardist,けいびへい
98,Ich will so 'n Schwert wie der Alleskönner!,なんでもや
99,Reingelegt!,なんつって
100,Ich weiß nicht weiter.,かなりぴんち
101,Rostpfade,がれきどおり
102,Der Himmel in den Slums,せぶんすへぶん
103,Cosmo Canyon,こすもきゃにおん
104,Die Regeln der Slums,すらむのこころえ
105,Mako-Vergiftung,まこうちゅうどく
106,"Ich bin Pazifist, Mann! Ich hasse Gewalt!",ぼうりょくはんた～い
107,Papa! Na endlich!,とうちゃんおかえりなさい
108,Ein Cosmo Canyon. Meine eigene Kreation!,とうてんめいぶつこすもきゃにおんでございます
109,Wir haben gerade echt 'nen Lauf!,なんかおれたちのってるよな
110,Locche,ろーちぇ
111,Wutai,うーたい
112,マイフレンド,まいふれんど
113,Ob sie wohl eine Midgar Spezial parat hat?,みっどがるすぺしゃる
114,Scheinst dich auch ohne mich zu amüsieren!,はでにやってるじゃないかまいふれんど
115,Rasen wir gemeinsam bis ans Ende der Welt?,このまませかいのはてまでいっしょにはしらないか
116,華麗な運転でわたしを酔わせてくれる？,かれいなうんてんでわたしをよわせてくれる
117,MG-Drohne,すたんれい
118,Unser Ziel ist Reaktor 5.,たーげっとはごばんまこうろ
119,Airbuster,えあばすたー
120,EX-SOLDAT,もとそるじゃーだ
121,Ich hasse sie alle!,ぜんぶだいきらい
122,Das Funkeln von Mako in deinen Augen.,まこうをあびたもののめ
123,スマ～イルを、忘れるな？,すま～いるをわすれるな
124,Willkommen in unserem bescheidenen Heim.,うすぎたないねずみどもよくきたな
125,Welch gotterbärmliche Zeitverschwendung.,たりないとなげくものほどろうひする
126,Wir werden euch unschädlich machen!,きさまらをそっこくしゅくせいする
127,Reno,れの
128,Mugi,むぎ
129,Rude,るーど
130,die Turks,たーくす
131,Elmyra,えるみな
132,Reunion,りゆにおん
133,Claudia Strife,くらうでぃあ
134,Scarlet,すかーれっと
135,Hälmchenhof,りーふはうす
136,"Ich stör doch nicht, oder?",じゃまするぞと
137,Slums von Sektor 5,ごばんがいすらむ
138,Du bekommst ein Date! Mit mir!,じゃあねでーと1かい
139,Ich will noch Zeit mit dir verbringen.,もっといっしょにいたいから
140,サム,さむ
141,マム,まむ
142,Corneo,こるねお
143,Anyan,あにやん
144,Bluthund,ぶらっどていすと
145,Beck,べぐ
146,Bud,ばど
147,Sotch,そっち
148,Cotch,こっち
149,Chocobo,ちょこぼ
150,Leslie,れずりー
151,ほひ～！,ほひ～
152,Butch,ぶっちょ
153,Palmer,ぱるまー
154,Höllenhaus,へるはうす
155,Dreckschwein,げすやろう
156,Zerquetschen wir ihn!,すりつぶすよ
157,Slums von Sektor 6,ろくばんがい
158,Serra,かったーましん
159,Welches Täubchen nehme ich? Hohi!,ほひ～ほひ～
160,"Hey, du Super-SOLDAT!",くらすふぁーすと
161,Honigtöpfchen,みつばちのやかた
162,Corneos Kolosseum,こるねおころっせお
163,Wallmarkt,うぉーるまーけっと
164,Reißen wir ihn ab!,ねじりきっちゃおうか
165,"Sehr schön, wie ergreifend!",いいねきゅんとしたよ
166,Meiner ersten großen Liebe.,はじめてすきになったひと
167,Immergrün-Park,みどりこうえん
168,Dann lasst uns die Show beginnen!,さあおまちかねのしょーたいむだ
169,本当の美しさは心持ち次第,ほんとうのうつくしさはこころもちしだい
170,Ich mache aus dir die heißeste Braut!,おまえをさいこうのはなよめにしてやろう
171,"Hey, Cloud! Darf ich dich Bruder nennen?",くらうどさんあにきってよんでいいですか
172,Darf ich diesem Typen eine runterhauen?,くらうどわたしあばれていいかな
173,感想はいらない、他に方法が無かった,かんそうはいらないほかにほうほうがなかった
174,Arco,あぷす
175,Sahagin,さはぎん
176,Reeve,りーぶ
177,助けられて、助けて、また助けられてる,たすけられてたすけてまたたすけられてる
178,Geist,ごーすと
179,Greifkäfer,くりぷしぇい
180,Eligor,えりごる
181,Lichtgeist,ぐろうがいすと
182,Eisenbahnfriedhof,れっしゃはかば
183,Geister sind nicht mein Metier.,おばけはせんもんがいだ
184,ベティ,べてぃ
185,Dir stutz ich schon noch die Flügel!,ねらったえものはかならずおとすの
186,Tseng,つぉん
187,"Schluss mit dem Versteckspiel, Aerith.",かくれんぼはおわりだ
188,"Wie in 'ner schlechten Seifenoper, was?",とんだ3ぎるしばいだぜ
189,でも家族がそろえば、そこがおうちだよ？,でもかぞくがそろえばそこがおうちだよ
190,Gangster,ばぐらー
191,Arco-Junges,あぷすべびー
192,Aber wir brauchen sie doch hier.,かえるばしょまちがえやがって
193,Kirie Canaan,きりえ
194,Ich bin vom Alten Volk.,こだいしゅ
195,Die Blume steht für ein Wiedersehen.,はなことばはさいかい
196,Aber verlieb dich nicht in mich.,でもねすきにならないで
197,Aber der Verlust macht dich stärker.,そうしつがおまえをつよくする
198,"Hey, Leute! Alle mal herhören!",じょうほうやきりえのだいすくーぷだよっ
199,Helischütze,へりがんなー
200,Auf in die Höhle des Löwen.,じゅんびうんどうはおわりだ
201,Rang-3-SOLDAT,そるじゃー3rd
202,Lass es uns unvergesslich machen.,わすれられないよるにしてやろう
203,Ein Hoch auf den Bürgermeister von Midgar!,みっどがるのしちょうはさいこう
204,"Ich krieg dich, Schätzchen!",うひょ
205,Hut,はっと
206,Wir selbst nennen uns Cetra.,せとら
207,Jenova,じぇのば
208,Shinra-Gebäude,しんらびる
209,Hojo,ほうじょう
210,Klingentänzer,そーどだんす
211,Rufus,るーふぁうす
212,Das Verheißene Land,やくそくのち
213,Forschungsabteilung,かがくぶもん
214,Red XIII,れっどXIII
215,Bürgermeister Domino,どみのしちょう
216,Ein Blumenmädchen!,すらむのはなうり
217,Abteilung für Stadtplanung,としかいはつぶもん
218,Betrachte sie als die Hüter des Planeten.,うんめいのばんにん
219,星の開拓者,ほしのかいたくしゃ
220,Welch freudiges Wiedersehen.,かんどうのさいかいだ
221,Abteilung für Waffenentwicklung,へいきかいはつぶもん
222,Abteilung für Weltraumforschung,うちゅうかいはつぶもん
223,そして、約束の地へ帰る,そしてやくそくのちへかえる
224,Dass mir mal der Schmalz ausgehen würde!,わしとしたことがらーどをきらすなんて
225,"Dann zeig mir mal, was in dir steckt!",さあごーじゃすなすがたをみせてごらん
226,So wie ich tänzelt keiner 'ne Treppe hoch!,うちゅうふつうふちゅうつらいぜこれは
227,Lass uns diesen Planeten zurückfordern.,かあさんいっしょにこのほしをとりもどそうよ
228,至上の幸福、星が与えし定めの地,しじょうのこうふくほしがあたえしさだめのち
229,Läuten wir eine neue Ära ein.,しんらはうまれかわるわたしのてで
230,星より生まれ、星と語り、星を開く,ほしよりうまれほしとかたりほしをひらく
231,Ist das unsere Zukunft?,ほしのみらい
232,Trage Träume im Herzen.,ゆめをだきしめろ
233,Der Himmel macht mir Angst.,そらきらいだな
234,"Beeil dich, Cloud.",はやくこいくらうど
235,感傷で曇った目には、なにも見えまい,かんしょうでくもっためにはなにもみえまい
236,Hier entscheidet sich das Schicksal.,うんめいのわかれみち
237,"Die Zukunft entscheidest du, Cloud.",みらいはおまえしだいだ
238,Der Preis der Freiheit ist gesalzen.,じゆうのだいしょうはたかいぜ
239,でも自由はこわいよね、まるで空みたい,でもじゆうはこわいよねまるでそらみたい
240,どんなときでもソルジャーの誇りは手放すな,どんなときでもそるじゃーのほこりはてばなすな
241,Zangan,ざんがん
242,Panzerschwert,ばすたーそーど
243,ゾンダー,ぞんだー
244,あとにはひけなかった,あとにはひけなかった
245,Elite-Gardist,じょうきゅうけいびへい
246,Gastryht-Königin,くいーんしゅとらいく
247,Nayo,なよ
248,Nero,ねろ
249,Ramuh,らむう
250,Splittergruppe,ぶんぱ
251,Mogry,もーぐり
252,Zhijie,じーじぇ
253,あいでー,あいでー
254,Weiss,ゔぁいす
255,ウの衆,うのしゅう
256,Kein Mogry.,のーもーぐり
257,Alter Schnapper,かめおじさん
258,Gigantorpedo,ぎがんぴーど
259,Da'Chao-Bohnen,だちゃおまめ
260,das Schildkrötenparadies,かめどうらく
261,Karmesinfuchs,くりむぞんめあ
262,Da ist ein Mogry!,いえすもーぐり
263,Deepground-SOLDAT,DGそるじゃー
264,Gesandte aus Wutai,うーたいからのししゃ
265,Mission Ultimative Materia,きゅうきょくまてりあだっしゅ
266,"Wer war das? Wer wagt es, mich zu stören?",だれですかぼくのじゃまをするのは
267,Polk,ぽるこ
268,Melphie,めるふぃ
269,The Star of Seventh Heaven,せぶんすへぶんのかんばんむすめ
270,A Solemn Sunset,つめたいゆうひ
271,Rematch atop the Pillar,きかいとうのけっせん
272,Limited Options,ひじょうなせんたくし
273,The Drum,どらむ
274,Trail of Blood,ちのあと
275,Black Wind,くろいかぜ
276,Return to the Planet,ほしにかえる
277,Slums on Fire,もえるすらむ
278,The Red Zone,れっどぞーん
279,Born Survivors,しぶといねずみ
280,Shinra's Theme,しんらのてーま
281,Hollow Skies,からっぽのそら
282,Maze of Scrap Metal,てつくずめいろ
283,Shinra Creed,しんらだましい
284,Fires of Resistance,はんしんらのひ
285,Darkness Ahead,おさきまっくら
286,The Sweetest Honey,すいーとはにー
287,Noises in the Night,やみよのうめき
288,Luxury Massage,はいえんどもみー
289,Johnny's Theme,じょにーのてーま
290,Jessie's Theme,じぇしーのてーま
291,Leslie's Theme,れずりーのてーま
292,Aerith's Theme,えありすのてーま
293,One-Winged Angel,かたよくのてんし
294,Corporate Archives,らいぶらりふろあ
295,A Certain Gaudiness,あちこちもられて
296,Shining Beacon of Civilization,こうてつのだいち
297,Speed Demon,すぴーどじゃんきー
298,Kistenkrieg,くらっしゅぼっくす
299,The Rendezvous Point,らんでぶーぽいんと
300,Avalanche's Theme,あばらんちのてーま
301,Whispers' Theme,ふぃーらーのてーま
302,Rufus Shinra,るーふぁうすしんら
303,Under Cover of Smoke,くすぶりのとうそう
304,Wild de Chocobo,わいるどでちょこぼ
305,The Most Muscular,まっするなものたち
306,Midnight Rendezvous,まよなかのまちぶせ
307,Cultivating Madness,きょうきのばいよう
308,"Smash 'Em, Rip 'Em",すりつぶねじりきる
309,Waiting to Be Found,えいえんのかくれんぼ
310,Any Last Words?,3びょうごをくいろ
311,Those Chosen by the Planet,ほしにえらばれしもの
312,Tonight's Corneo Cup,こるねおはいかいまく
313,Flowers Blooming in the Church,きょうかいにさくはな
314,The Look on Her Face,へんなかおしちゃって
315,An Unforgettable Night,とろとろのあまいよる
316,Critical Shot,くりてぃかるしょっと
317,Zündungsflamme,いぐにっしょんふれいむ
318,Midnight Spiral,みっどないとすぱいらる
319,Scrap Boulevard Cleanup Crew,がれきどおりのそうじや
320,Just Another Job,ほうしゅうはわるくない
321,Hand over Hand,いざわんりょくしょうぶ
322,Final Experiment,らすとえくすぺりめんと
323,Seven Seconds till the End,しゅうまつの7びょうまえ
324,The Audition,およめさんおーでぃしょん
325,Victory Fanfare,しょうりのふぁんふぁーれ
326,Electric Executioners,だんざいのしょけいましん
327,"A Tower, a Promise",きゅうすいとうのやくそく
328,Another Day at Shinra HQ,しんらしゃいんのにちじょう
329,Just Desserts,ここであったがひゃくねんめ
330,Daughter's Farewell,とうちゃんいってらっしゃい
331,Operation: Save Aerith,えありすきゅうしゅつさくせん
332,ルーファウス社長就任,るーふぁうすしゃちょうしゅうにん
333,Escape from the Shinra Building,しんらびるだっしゅつ
334,Cultivating Darkness,ばいようされるやみ
335,Emergency Stairwell,ひじょうなかいだん
336,Black Feather,くろいはね
337,Changing Fate,うんめいのかべ
338,Standard Course,わきわきもみー
339,Poor Man's Course,ごぶごぶもみー
340,The Black Tattoo,くろきこくいん
341,"Goodbye, Wedge",さらばうぇっじ
342,Reeve's Plight,りーぶのくのう
343,Mako Reactor 5,ごばんまこうろ
344,A Weighty Decision,おもてえけつい
345,The Great Destroyer,ほしのはかいしゃ
346,Elmyra's Request,えるみなのおもい
347,Elmyra's Reservations,えるみなのまよい
348,Trapped Like Rats,きゅうちのねずみ
349,Tifa's Tears,てぃふぁのなみだ
350,Rude Arrives,るーどちゃくにん
351,Turtle Flyer Fanfare,かめふぁんふぁーれ
352,"Cheer Up, Aerith",えありすのえれじー
353,Hole in the Sky,ぷれーとのないそら
354,Jenova Calls,じぇのばのよびごえ
355,A Death Not Ordained by Fate,うんめいはしよりも
356,Man in the Black Robe,くろまんとのおとこ
357,The Shinra I Know,しんらのうらのかお
358,"Rock That Dress, Aerith",えありすにろっくおん
359,Ghoulish Symphony,ごーすとしんふぉにー
360,"Run, Dammit, Run",はしれはしれはしれ
361,Respite in the Rafters,やねうらのせいじゃく
362,Meeting of the Board,しんらやくいんかいぎ
363,Flying Over the Undercity,よぞらのぱらしゅーと
364,Heidegger's Frustration,いらだつはいでっかー
365,Our Pack Chocobo,くらうどはにもつもち
366,The Whispers Attack,ふぃーらーしゅうらい
367,Hojo Observes,かんしするほうじょう
368,Muscular Mettle - Fanfare,まっするふぁんふぁーれ
369,You Asked for It,めちゃくちゃしやがって
370,They'll All Be Fine,あばらんちへのしんねん
371,The Target: Sector 7,ねらわれたななばんがい
372,Hojo's Laboratory,ほうじょうじっけんしつ
373,Girl in the Chocobo Carriage,ちょこぼぐるまをおって
374,Fleeing the Church,きょうかいのとうそうげき
375,Sector 7 in Ruins,ほうらくしたななばんがい
376,Shinra-Kampfsimulator,しんらばとるしみゅれーたー
377,Every Moment Matters,このいっしゅんをたいせつに
378,"Chorus of Pain, Dance of Death",ひめいでうたいきょうふでおどれ
379,Unexpected Threat,とつぜんのはんこうよこく
380,Dissonance,ふきょうわおん
381,The Abyss,やみのしんえん
382,The Throes of Rapture,かんきのさけび
383,Sonon's Theme,そのんのてーま
384,"Ramuh, Lord of Levin",らいていらむう
385,No Escape,のーえくじっと
386,Commence the Cleansing,かりのせんこく
387,Murmurs from the Darkness,やみのささやき
388,Chaossäulen,かおすねびゅら
389,The Sky's the Limit,このゆびとまれ
390,Beyond Simulation,かそうをこえて
391,Ninjas Are Insane,おそるべししのび
392,Lackey Beatdown,こるねおずびーと
393,Gotta Do Something!,ほっとけないよ
394,Revenge Sworn,ほうふくのちかい
395,Kampfgeist,うーたいのとうし
396,Prelude to Death,しへのじょきょく
397,Seeing Melphie Again,めるふぃのもとへ
398,Your Girl Finally Made It,ゆふぃさんじょう
399,"Nero, the Sable",しっこくのやみねろ
400,Shinra's Victim,しんらのぎせいしゃ
401,Scarlet's Welcome,すかーれっとねすと
402,Corrupter of the Immaculate,ていおうをかるもの
403,A Hero Lost,ひーろーをまちわびて
404,"Hey, You! Evildoers! ",そこのあくとうども
405,The Ws Have It,うのしゅうのしょうり
406,Facing Disaster,ひとみににじむさいか
407,"Good Morning, Levrikon?",しのびれずれぶりこん
408,Materia Production,まてりあせいぞうふろあ
409,Sadistic Test Run,さでぃすてぃっくらいど
410,Avalanche HQ's Theme,あばらんちほんけのてーま
411,Salt in the Wound,くつじょくのえれべーたー
412,Cruelty Personified,すかーれっとのれいしょう
413,Pain Sensation Level: Max,ぺいんりありてぃまっくす
414,Quiet as a Mouse,ぬきあしさしあししのびあし
415,Advanced Weaponry,しんらへいきかいはつぶもん
416,Rolling Out the Red Carpet,へいきじっけんくおりふぁい
417,The Shadow of Materia,きゅうきょくまてりあのかげ
418,Deepground SOLDIERs,でぃーぷぐらうんどそるじゃー
419,"Weiss, the Immaculate",じゅんぱくのていおうゔぁいす
420,Der Anschlag auf Mako-Reaktor 1,いちばんまこうろばくはさくせん
421,Das Leben ist ein Labyrinth,じんせいはおわりのないめいろだぜ
422,Tod,です
423,Bomber,ぼむ
424,Gil,ぎる
425,Yuffie,ゆふぃ
426,Sonon,そのん
427,Vita,けある
428,Medica,えすな
429,Engel,れいず
430,Aero,えあろ
431,Barriere,ばりあ
432,Bio,ばいお
433,Gemach,すろう
434,Stehlen,ぬすむ
435,Gebet,いのり
436,Shiva,しゔぁ
437,Zenene,ぜねね
438,Selbstzerstörung,じばく
439,Vitra,けあるら
440,Regena,りじぇね
441,Vitaga,けあるが
442,Antidot,ぽいぞな
443,Widerstand,れじすと
444,Erzengel,あれいず
445,Feuer,ふぁいあ
446,Feura,ふぁいら
447,Feuga,ふぁいが
448,Eis,ぶりざど
449,Eisra,ぶりざら
450,Eisga,ぶりざが
451,Blitz,さんだー
452,Blitzra,さんだら
453,Blitzga,さんだが
454,Aerora,えあろら
455,Aeroga,えあろが
456,Hast,へいすと
457,Magiebarriere,まばりあ
458,Wall,うぉーる
459,Biora,ばいおら
460,Bioga,ばいおが
461,Schlaf,すりぷる
462,Stumm,さいれす
463,Tobsucht,ばーさく
464,Stopp,すとっぷ
465,Barrierendurchbruch,でばりあ
466,Bann,ですぺる
467,Analyse,みやぶる
468,Chakra,ちゃくら
469,Subspirit,あすぴる
470,Morbol,もるぼる
471,Tomberry,とんべり
472,Namenloser,ねむれす
473,Äther,えーてる
474,Gegengift,どくけし
475,Mako-Reaktor,まこうろ
476,Schmetterer,きょうだ
477,Madame M,まだむまむ
478,Ifrit,いふりーと
479,Bahamut,ばはむーと
480,Chocobo-Küken,こちょこぼ
481,Vision,ゔぃじょん
482,Mutangriff,ぶれいばー
483,Feuerstoß,ぶっぱなす
484,Sturm,てんぺすと
485,Aasratte,ばけねずみ
486,Niederer Schimmer,はねとかげ
487,Phantom,ふぁんとむ
488,Anonymer,あのにます
489,Levrikon,れぶりこん
490,Elixier,えりくさー
491,Chadley,ちゃどりー
492,Schlechter Atem,くさいいき
493,Kreuzschlag,きょうぎり
494,Klingenstrahl,はこうげき
495,Trainingsstab,ごりんぼう
496,Don Corneo,どんこるねお
497,Chocobo-Sam,ちょこぼさむ
498,Eisaura,あいすおーら
499,Chocomoppel,でぶちょこぼ
500,Karfunkel,かーばんくる
501,Kaktor,さぼてんだー
502,Salto,さまーそると
503,Hackentritt,かかとおとし
504,Zusatzangriff,らいずびーと
505,Werratte,うぇあらっと
506,Monodrive,ものどらいぶ
507,Höllenhund,へるはうんど
508,Planierraupe,ぶるもーたー
509,Bioratte,ばいおらっと
510,Krawummel,へもへもくん
511,Wachenstab,がーどろっど
512,The Prelude,ぷれりゅーど
513,Don of the Slums,すらむのどん
514,Wachmacher,ねむけざまし
515,Limits,りみっとわざ
516,Heilender Wind,いやしのかぜ
517,Segen des Planeten,ほしのしゅご
518,Entfesselung,ひぎかいほう
519,Rechtschaffene Faust,せいけんづき
520,Lurking in the Darkness,やみにひそむ
521,Stählerner Wille,どこんじょう
522,Lichtschild,ひかりのたて
523,Sprengfaust,ばくれつけん
524,Brandgardist,じゅうかへい
525,Grenadier,てきだんへい
526,Sturmgardist,ちんあつへい
527,Kombattant,せんとういん
528,Bizarrer Käfer,かいきちゅう
529,Hyper,こうふんざい
530,Beruhigungsmittel,ちんせいざい
531,Allheilmittel,ばんのうやく
532,Sektor 7,ななばんがい
533,Planetenkunde,せいめいがく
534,キリエ・カナン,きりえかなん
535,Leslie Kyle,れずりーかいる
536,ATB-Boost,ATBぶーすと
537,Leviathan,りゔぁいあさん
538,Granate,ぐれねーどぼむ
539,Katastrophe,かたすとろふぃ
540,Störung,でぃすおーだー
541,Bebende Erde,ぐらんどぶろう
542,Rückwärtssalto,ばっくふりっぷ
543,Offensivhaltung,ぶれいぶもーど
544,Allroundhaltung,あさるともーど
545,Alphalaser,ふぁーすとれい
546,Dimensionshammer,でじょんはんま
547,Elektroschock-Drohne,すたんていざー
548,Wilder Wachhund,れいじはうんど
549,Blugu,ぷあぞきゅーと
550,Hippokamp,ちゅーすたんく
551,Allesfresser,ほうるいーたー
552,Kaiserkrabbe,しぇざーしざー
553,Schimmer,でぃーんぐろう
554,Diebisches Arco-Junges,どろぼうあぷす
555,Durchdringendes Auge,ぴあしんぐあい
556,Vargid,ゔぁぎどぽりす
557,Bioklette,びおばーどっく
558,Neurokapsel,ぶれいんぽっど
559,Kremator,だすとどーざー
560,Don Corneos Handlanger,こるねおのぶか
561,Wandernder Wolf,ろすとふぁんぐ
562,Supertrank,はいぽーしょん
563,Megatrank,めがぽーしょん
564,Turbo-Äther,えーてるたーぼ
565,Bumm-Bummchen,むーむーちゃん
566,Gatling-Gewehr,がとりんぐがん
567,Lederhandschuhe,れざーぐろーぶ
568,Ninja-Kanonenkugel,しのびしゅーと
569,Kampfrauschsphäre,とうきすふぃあ
570,Jungfernkuss,おとめのきっす
571,Sektor 4 - Platte,よばんぷれーと
572,Tango of Tears,なみだのたんご
573,Im Labyrinth der Tiefe,あせりのすいろ
574,Das Wiedersehen,さいかいのはな
575,Im Sündenpfuhl,よくぼうのまち
576,Im Licht der sinkenden Sonne,らくじつのまち
577,Luftkombattant,くうちゅうへい
578,Zack Fair,ざっくすふぇあ
579,Yuffie Kisaragi,ゆふぃきさらぎ
580,Sonon Kusakabe,そのんくさかべ
581,Electric de Chocobo,えれきでちょこぼ
582,Hip Hop de Chocobo,ひっぷでちょこぼ
583,Impulshieb,ばーすとらっしゅ
584,Atomisator,くらいむはざーど
585,Delfinschlag,どるふぃんぶろう
586,Schwertsturm,らぴっどちぇいん
587,Schockschuss,ふゅえるばーすと
588,Maximale Wut,あんがーまっくす
589,Energiehaken,えなじーあっぱー
590,Auf Hochtouren,おーばーどらいぶ
591,Laserkanone,れーざーきゃのん
592,Proto-Auslöscher,ぷろとすいーぱー
593,Proto-MG,ぷろとましんがん
594,M.O.T.T.E.,もすすらっしゃー
595,Igelfloh,へっじほっぐぱい
596,Großer Sauger,ぐらんばきゅーむ
597,Gastryht,ぐらしゅとらいく
598,Smogger,すもっぐふぁくと
599,Gifthorn,とくしっくだくと
600,Sahagin-Prinz,さはぎんぷりんす
601,Dark Star,だーくねいしょん
602,Phönixfeder,ふぇにっくすのお
603,Echoschirm,やまびこえんまく
604,Schnelltrank,すぴーどどりんく
605,Tifa's Theme,てぃふぁのてーま
606,Barret's Theme,ばれっとのてーま
607,Turks' Theme,たーくすのてーま
608,Gold Saucer,ごーるどそーさー
609,Lebensstrom,らいふすとりーむ
610,Materia-Jägerin,まてりあはんたー
611,Fort Kondor,こんどるふぉーと
612,Bombing Mission,ばくはみっしょん
613,Shinra-Konzern,しんらかんぱにー
614,Schlagsturm,しょうだらっしゅ
615,Der Himmel über den Slums,すらむのたいよう
616,Auf der Suche nach Hoffnung,きぼうをもとめて
617,Sicherheitsbehörde,ちあんいじぶもん
618,Konterstellung,はんげきのかまえ
619,On Our Way,たびのとちゅうで
620,Descendant of Shinobi,しのびのまつえい
621,Bestienbändiger,もうじゅうつかい
622,Let the Battles Begin!,たたかうものたち
623,Immer der Schnauze nach,めいきゅうのいぬ
624,Marlene Wallace,まりんうぉーれす
625,Cait Sith's Theme,けっとしーのてーま
626,The Midgar Blues,みっどがるぶるーす
627,Anyan Kunyan,あにやんくーにゃん
628,Reeve Tuesti,りーぶとぅえすてぃ
629,Approximationsschuss,ぜろれんじしゅーと
630,Macht der Unschuld,いのせんすふぉーす
631,Strahl der Vergeltung,じゃっじめんとれい
632,Magischer Diener,まじかるさーばんと
633,Raketenwerfer,みさいるらんちゃー
634,Granatwerfer,ぐれねーどそーさー
635,Krötenkönig,へっじほっぐきんぐ
636,Nefiaweberin,ねふぃあうぃーばー
637,Mutantenschweif,みゅーたんとている
638,Horngreifkäfer,ほーんくりぷしぇい
639,"Good Night, Until Tomorrow",おやすみまたあした
640,Auf Leben und Tod,あばらんちのしとう
641,Behemoth Typ Zero,べひーもすれいしき
642,Avalanche-Credo,あばらんちだましい
643,Heiliger Magiekreis,せいなるまほうじん
644,Gongaga-Kommandeur,ぶたいちょうごんが
645,Stamp,ちゅうけんすたんぷ
646,Bei Nacht und Nebel,まよなかのしっそう
647,Eine Welt in Trümmern,ほうかいしたせかい
648,Costa del Sol,たいようのかいがん
649,Cosmo Canyon,ほしふるきょうこく
650,Geisterstunde,ぼうれいのいたずら
651,4-spitziger Shuriken,じゅうじしゅりけん
652,Geistsog,れいききゅうしゅう
653,Cloud Strife,くらうどすとらいふ
654,Barret Wallace,ばれっとうぉーれす
655,Jessie Rasberry,じぇしーらずべりー
656,Berichte für Chadley,ちゃどりーれぽーと
657,Dämonische Schöpfung,へれてぃっくれいりー
658,Midgar-Schnellstraße,みっどがるはいうぇい
659,Ende mit Schrecken,いんふぃにっとえんど
660,El Gigante,じゃいあんとばぐらー
661,Gestreifter Schimmer,すとらいぷふぉりっじ
662,Hundertschütze,はんどれっどがんなー
663,Scarlet's Theme,すかーれっとのてーま
664,魔晄都市ミッドガル,まこうとしみっどがる
665,Under the Rotting Pizza,くさったぴざのしたで
666,Schicksalhafte Begegnungen,はちばんがいのであい
667,Mit Mako fängt man Ratten,ごばんまこうろのわな
668,Magiekreis,おうえんのまほうじん
669,In der Höhle des Löwen,しんらびるせんにゅう
670,Am Scheideweg des Schicksals,うんめいのとくいてん
671,Ultimative Materia,きゅうきょくまてりあ
672,Spezialkombattant,とくしゅせんとういん
673,Spezialgardist,きょうかせんとういん
674,Starkmagiegardist,きょうませんとういん
675,Tifa Lockhart,てぃふぁろっくはーと
676,Main Theme of FFVII,FFVIIめいんてーま
677,Übergangsregierung von Wutai,うーたいざんていせいふ
678,Fight On!,さらにたたかうものたち
679,Spezialluftkombattant,とくしゅくうちゅうへい
680,Farm Boy,ぼくじょうのしょうねん
681,Aerith Gainsborough,えありすげいんずぶーる
682,The Oppressed,しいたげられたみんしゅう
683,Flucht aus dem Chaos,こんとんからのだっしゅつ
684,Magiepanzergardist,じゅうまそうせんとういん
685,Elite-Grenadier,じょうきゅうてきだんへい
686,Elite-Sturmgardist,じょうきゅうちんあつへい
687,Lay Down Some Rubber,くれいじーもーたーさいくる
688,Panzergardist,じゅうそうこうせんとういん
689,Gardist der Spezialeinheit,とくしゅさくせんへい
690,Rang-2-SOLDAT,そるじゃー2nd
691,Junon-Gardist,じゅのんけいびへい
692,Junon-Elitegardist,じゅのんじょうきゅうけいびへい
693,Junon-Grenadier,じゅのんてきだんへい
694,Junon-Elitegrenadier,じゅのんじょうきゅうてきだんへい
695,Junon-Sturmgardist,じゅのんちんあつへい
696,Junon-Brandgardist,じゅのんじゅうかへい
697,Auslöscher 2.0,じゅのんすいーぱー
698,Modifizierter Auslöscher,すいーぱーかすたむ
699,Schleicher,すてるしーすてっぷ
700,Häretische Schöpfung,ゔぁりあんとれいりー
701,Bandit,ぐりーど
702,Teufelsreiter,でびるらいど
703,Bert,ぼんざ
704,Kalmwolf,かーむふぁんぐ
705,Donnerwolf,ぼるとふぁんぐ
706,Grimmwolf,ほわいとふぁんぐ
707,Nibelwolf,にぶるうるふ
708,Feuerschweif,はうるうるふ
709,Test 0,てすと0
710,Toxiratte,べのむらっと
711,Mistral-Wyvern,ふらっぷびーと
712,Sandsturm-Wyvern,すとーむびーと
713,Tropischer Blugu,とろぴかるぷあぞきゅーと
714,Blugu-Kommandant,ぷあぞきゅーとこまんだー
715,Nadelspucker,すうぇるふろーと
716,See-Hippokamp,しーちゅーすたんく
717,Tiefsee-Hippokamp,さーちゅーすたんく
718,Berg-Igelfloh,ぱんぷきんほっぐぱい
719,Kastagnette,かすたねっつ
720,Hammerkrabbe,くらぶはんまー
721,Wüsten-Sahagin,でざーとさはぎん
722,Sahaginenkrieger,さはぎんうぉーりあ
723,Don Tomberry,どんとんべり
724,Tomberry-König,とんべりきんぐ
725,Aggrevrikon,れぶりこんぷてら
726,Levridon,れぶりどん
727,Doppelhirn,だぶるぶれいん
728,Gigantbomber,ぎがんとぼむ
729,Groß-Morbol,もるぼるぐれーと
730,Montisaurus,ずー
731,Inferno-Montisaurus,ずーにくす
732,Tonadu,とーんあどぅ
733,Vonadu,ふぉーんあどぅ
734,Königsmontisaurus,きんぐずー
735,Sturmgreif,ふぉーみゅら
736,Orkangreif,すとーみゅら
737,Blitzgreif,ふらっしゅだがー
738,Überschallgreif,すぴーどさうんど
739,Drache,どらごん
740,Seedrache,しーどらごん
741,Kyuvilduns,きゅびるでゅぬす
742,Carnifex,かるにふぇくす
743,Mu,むー
744,Lamuh,らむー
745,Mandragora,まんどらごら
746,Alraune,まんどれいく
747,Elfadunk,えれふぁだんく
748,Furiodunk,ふゅーりーだんく
749,Mastodon,ますとどん
750,Quetzalcoatl,けつぁるこあとる
751,Hueyatlcoatl,せーあこあとる
752,Griffon,ぐりふぉん
753,Gryps,ぐりゅぷす
754,Kriecher,くろうらー
755,Nidhogg,にーずへっぐ
756,Archendrache,あーくどらごん
757,Mystischer Drache,みすてぃっくどらごん
758,Urdrache,えんしゃんとどらごん
759,Pudding,ぷりん
760,Weißes Mousse,ほわいとむーす
761,Ork,おーく
762,Oger,おーが
763,Plündernder Oger,おーがらんぺーじ
764,Zemzelett,ぜむぜれっと
765,Whymzelett,わいずれっと
766,Neros Ferox,ねろすふぇろす
767,Kautos Ferox,かうとすふぇろす
768,Dornenwurz,きゃっぱわいや
769,Feuerwurz,ぱいろわいや
770,Gedankenschinder,まいんどふれあ
771,Grangalan,ぐらんがらん
772,Klein Grangalan,こぐらんがらん
773,Enkel Grangalan,まごぐらんがらん
774,Sandkalmar,びーちぷらぐ
775,Shankhakalmar,しゃんかぷらぐ
776,Aerokrake,くらうんらんす
777,Magongagorgone,まごんめでゅーさ
778,Nadelkuss,にーどるきっす
779,Säbelkuss,せいばーきっす
780,Seeteufel,しーでびる
781,Kronpilz,さーちゃくらうん
782,Powerpilz,ばってりーきゃっぷ
783,Giftkronpilz,ぷわぞんきゃっぷ
784,Bagnadrana,ばぐなどらな
785,Dranabarga,どらなばるが
786,Cockatrice,こかとりす
787,Todesklaue,ですくろー
788,Wüstenklaue,きらーすてぃぐま
789,Doppelgesicht,とぅーさいど
790,Landwurm,らんどうぉーむ
791,Dünenwurm,でゅーんうぉーむ
792,Gigas-Wurm,ぎがーすうぉーむ
793,Spencer,すぺんさー
794,Flossenschlitzer,ふらいんぐりっぱー
795,Chimäre,きまいら
796,Silberchimäre,しるべりーきまいら
797,Joker,じょーかー
798,Großhorn,ぐらんどほーん
799,Wächterhorn,がーでぃあんほーん
800,Wildgroßhorn,さべっじぐらんどほーん
801,Gagighandi,ばじがんでぃ
802,Fulvum Varanus,ふるうむゔぁらぬす
803,Chthonia-Echse,あんだーりざーど
804,Küssmich,たっちみー
805,Küssmichdoch,ぱやぱや
806,Giftfrosch,ぽいずんふろっぐ
807,Spitzzahn,ふらわーぷらんぐ
808,Pollenzahn,ぶるーむぷらんぐ
809,Karpfenkröte,ぎがんとーど
810,Kimara-Wanze,いんせくときまら
811,Kimara-Mimikry,みみくりぃきまら
812,Kimara-Dämon,でもにすきまら
813,Keras-Panzer,へびーたんく
814,Kholos-Panzer,ほーんらんきゅぬ
815,Punkuin,きききあちょ
816,Prunkuin,どどどあちょ
817,Steingolem,すとーんごーれむ
818,Antikgolem,えるだーごーれむ
819,Basilisk,ばじりすく
820,Bangelisk,てぃみどりすく
821,Alacran,あらくらん
822,Jabberwock,じゃばうぉっく
823,Geist der Gi,ぎぞくのぼうれい
824,Stinger,すてぃんがー
825,Valron,ばるろん
826,Andras,あんどらす
827,Dämonischer Freibeuter,ぱいれーつでーもん
828,Velcher,べるちゃーたすく
829,Felsenvelcher,でゅぼあたすく
830,Killerbiene,きらーびー
831,Bienenkönigin,くいーんびー
832,Bahba Velamyu,ばばゔぇらうみゅ
833,Dunkelmaus,ぶらっくばっと
834,Surrer,すらっぷす
835,Kelzmelzer,げるしゅめるぜ
836,Hektokulus,へくとあいず
837,Moos-Adamantaimai,もすあだまんたいまい
838,Eisenhüne,あいあんくらっど
839,Blutauge,ぶらっどふろーと
840,Todesauge,ですふろーと
841,Goldener Kaktor,ごーるどさぼてんだー
842,Kaktrine,さぽてんだー
843,Orangefarbener Kaktor,おれんじさぽてんだー
844,Don Kaktorneo,こるてんだー
845,Kaktorius,じゃぼてんだー
846,Gigantrine,じゃぽてんだー
847,Gobbi,きっどG
848,Schriller,すくりーまー
849,Prüfauge,さーちあい
850,Neovargid,ねおゔぁぎどぽりす
851,Schreier,まどぅまんじゅ
852,Dämonischer Namenloser,でもなす
853,Nekrofloris,ねくろーしす
854,Incognito,あんのうん
855,Rictus,ふぁにーふぇいす
856,Judikator,じゃっじ
857,ヘルハーレー,へるはーれー
858,Elena,いりーな
859,Dyne,だいん
860,Galianisches Biest,がりあんびーすと
861,Greifschnecke,せいざーすねいる
862,Modifizierter Helischütze,へりがんなーかすたむ
863,Robofrosch,とーどえぼるぶ
864,Denummeriertes Versuchsobjekt,ろすとなんばー
865,Materia-Wächter,まてりあきーぱー
866,Midgardsormr,みどがるずおるむ
867,Mithril-Golem,みすりるごーれむ
868,Grauen aus der Tiefe,ぼとむすうぇる
869,Gigatrice,ぎがとりす
870,Gi Nattak,ぎなたたく
871,Seelenfeuer,そうるふぁいあ
872,Roter Drache,れっどどらごん
873,Dämonentor,でもんずげいと
874,Titan,たいたん
875,Phönix,ふぇにっくす
876,Alexander,あれくさんだー
877,Kujata,くじゃた
878,Odin,おーでぃん
879,Geheimnisvoller Schwertkämpfer,なぞのけんごう
880,Der Fall eines Helden,えいゆうせふぃろす
881,Hinaus in die weite Welt,ひろがるせかい
882,Auf dunklen Pfaden,くろまんとのゆくえ
883,Beginn einer neuen Ära,しんじだいのごうほう
884,Eine Schifffahrt mit Hindernissen,きょうらんのふなたび
885,"Sommer, Sonne, Costa del Sol",たいようのらくえん
886,Verlorene Heimat,こうかいのききょう
887,Beschützer des Planeten,ほしのしゅごしゃ
888,Der Hüter des Tals,きょうこくのせんし
889,Rückkehr ins Unbekannte,みしらぬこきょう
890,Die Jagd nach dem Schlüsselstein,きーすとーんをさがして
891,Das Ende der Welt,おわりゆくせかい
892,"Gestatte mir, meinen Partner zu rächen.",あいぼうのかりかえさせてもらう
893,Another Buster Sword,もうひとつのばすたーそーど
894,Zangan's Theme,ざんがんのてーま
895,Toward Mt. Nibel,にぶるやまをめざして
896,Eager SOLDIER,はりきるそるじゃー
897,Ever-Eager SOLDIER,もっとはりきるそるじゃー
898,Queen's Blood,くいーんずぶらっど
899,Grasslands de Chocobo,ちょこぼでぐらすらんど
900,Chadley's Theme,ちゃどりーのてーま
901,Esper-Schrein,しょうかんじゅうのほこら
902,Duel with the Divine,しょうかんじゅうばとる
903,Subterranean Grind,ほろーぐらいんど
904,Junon de Chocobo,ちょこぼでじゅのん
905,Junon - Fortified Metropolis,ようさいとしじゅのん
906,"Rah, Rah, Roche!",ろろろろーちぇ
907,Queen's Blood Jam Session,くいーんずぶらっどじゃむせっしょん
908,Costa del Sol,こすたでるそる
909,Johnnys Strandhotel,しーさいどじょにー
910,Corel de Chocobo,ちょこぼでこれる
911,"Let's Go, Mt. Corel!",やっほーこれるやま
912,Blütensturm,まじかるぶるーむ
913,A Portentous Sky,しゅうまつのそら
914,Ninjacrobatics,しのびぱるくーる
915,Mark of a Traitor,うらぎりもののらくいん
916,Welcome to the Gold Saucer,うぇるかむとぅごーるどそーさー
917,3D Brawler,3Dばとらー
918,Haunted Hotel,ほーんてっどほてる
919,Fiddle de Chocobo,ふぃどるでちょこぼ
920,Wonderment Square,わんだーすくえあ
921,Battle Square,ばとるすくえあ
922,Speed Square,すぴーどすくえあ
923,Best of Friends Together Again,けつべつのじゅうだん
924,Molotow-Cocktail,もろとふかくてる
925,What Hate Does to a Man,にくしみのはて
926,Corel Desert,これるさばく
927,Jungles of Gongaga,ごんががのもり
928,Gongaga de Chocobo,ちょこぼでごんがが
929,Weapon's Cry,うぇぽんのよびごえ
930,The Whispers Beckon,ふぃーらーのみちびき
931,Mako-Überdosis,まこうおーばーどーず
932,Hurry Up!,もっといそげ
933,Cosmo Canyon,こすもえりあ
934,Cosmo de Chocobo,ちょこぼでこすも
935,Sternwarte,こすもてんもんだい
936,Seelengeleit,ほしおくりのぎ
937,Höhle der Gi,ぎぞくのどうくつ
938,Watcher of the Vale,たにをまもるせんし
939,Lake of Blood,ちのいけ
940,Brave and Noble Seto,いだいなるせんしせと
941,Dorf der Gi,ぎぞくのさと
942,With Pain and Spite Made Black,ぎはまてりあをもとめたり
943,Nomads in Death,ほしにかえれないいちぞく
944,Purest of Materia,むくなるねがい
945,Nibel Region,にぶるえりあ
946,Nibel de Chocobo,ちょこぼでにぶる
947,Cid's Theme,しどのてーま
948,Battle on the Big Bridge,びっぐぶりっぢのしとう
949,The Fight for Naming Rights,まっするすぺしゃるまっち
950,Cacneo Carnival,さぼてんだーかーにばる
951,Enter the Donberry,どんとんべりーず
952,Dio's Champions,でぃおぐんだんのふぁんふぁーれ
953,Final Voyage,らすとぼやーじゅ
954,Tempel des Alten Volkes,こだいしゅのしんでん
955,Listen to the Cries of the Planet,ほしのこえがきこえる
956,Labyrinth of the Lifestream,らいふすとりーむのめいきゅう
957,Revival of the Black Materia,くろまてりあふっかつ
958,Her Final Prayer,えありすのいのり
959,Just as Worlds Unite,りゆにおんするせかい
960,The Three SOLDIERs,3にんのそるじゃー
961,So Too Do They Part,せかいはまじわりまたわかれる
962,Let's End This─Together,けっしょうだね
963,Everybody's Waiting,みんながまってる
964,Distant Skies,いつかのそらへ
965,Electrodance de Chocobo,えれくとろだんすでちょこぼ
966,Chocobo Symphony,ちょこぼしんふぉにー
967,Pop de Chocobo,ぽっぷでちょこぼ
968,Me And My Chocobo,あたしとちょこぼ
969,Knallfrosch,ふろっぐふらっぷ
970,Gambit-Schlacht,がんびっとぎあーず
971,Kyrie's Theme,きりえのてーま
972,She's Open for Business,なんでもやりますなんでもや
973,New Merc in Town,なんでもやのうた
974,Golden Sparks,おうごんのはなび
975,Shape of My Love,おもいのかたち
976,Bestienbunker,びーすとばとるぐらうんど
977,Retter der Galaxis,しゅーてぃんぐこーすたー
978,Wilde Hatz,らんわいるど
979,Karneval der Karten,かーどかーにばる
980,Hoop de Chocobo,ふーぷでちょこぼ
981,Wüstensturm,でざーとらっしゅ
982,G-Bike,Gばいく
983,Schießen aus der Lore,とろっこしゅーてぃんぐ
984,Rendezvous auf Rädern,うぃりーでらんでぶー
985,Mogry-Hasche,もーぐりこーぷ
986,Delfinshow,どるふぃんすぷりんと
987,Kaktoren-Krawall,さぼてんのっく
988,Muskelmanege,まっするころしあむ
989,Piratenparty,ぱいれーつらんぺーじ
990,Klavierkonzert,ろいやるこんさーと
991,Fotowettbewerb,はっぴーてんだーちゃれんじ
992,Galopp de Chocobo,だっしゅでちょこぼ
993,Chocobo-Rennen,ちょこぼれーす
994,Komet,こめっと
995,Kometeo,こめてお
996,Courage,ぶれいぶ
997,Ener,ふぇいす
998,Protes,ぷろてす
999,Vallum,しぇる
1000,Decourage,でぶれい
1001,Degener,でふぇい
1002,Deprotes,でぷろて
1003,Devall,でしぇる
1004,Gravitas,ぐらびで
1005,Gravitra,ぐらびら
1006,Graviga,ぐらびが
1007,Seismos,くえいく
1008,Seisra,くえいら
1009,Seisga,くえいが
1010,Bumerang,ぶーめらん
1011,Stahlsichel,かまぐるま
1012,Kaktoriken,しゅりけんだー
1013,Kampfstab,こんごうぼう
1014,Dämonenstab,まじんぼう
1015,Eisenklinge,あいあんぶれーど
1016,Mithril-Säbel,みすりるせいばー
1017,Hartklinge,はーどぶれいかー
1018,Nagelkeule,くぎばっと
1019,Zwillingspfähler,ついんすてぃんがー
1020,Sturmgewehr,あさるとがん
1021,Abrissbirne,きゃのんぼーる
1022,Atomschere,あとみっくしざー
1023,Knallprotz,らーじまうす
1024,Herzensbrecher,はーとびーと
1025,Federhandschuhe,ふぇざーぐらぶ
1026,Überschallfäuste,そにっくふぃすと
1027,Schlagringe,めたるなっくる
1028,Mithril-Klauen,みすりるくろー
1029,Megahandschuhe,ぐらんどぐらぶ
1030,Metallstab,ふるめたるろっど
1031,Silberstab,しるばーろっど
1032,Mithril-Stab,みすりるろっど
1033,Magiestab,まじかるろっど
1034,Kampfstab,すとらいくろっど
1035,Prachtklinge,しるきーせいばー
1036,Runenschwert,るーんぶれーど
1037,Kraftfresser,ふぉーすいーたー
1038,Kristallschwert,くりすたるそーど
1039,Vulkanklinge,ぼるけーのすぱーだ
1040,Wellenbrecher,すとりーむぶれいかー
1041,Großkaliber,はいきゃりばー
1042,Feindeswerfer,えねみーらんちゃー
1043,Vulkankanone,はーどばるかん
1044,Fafnir,ふぁふにーる
1045,Panzerfaust,そりっどばずーか
1046,Schrei des Planeten,らうどしゃうと
1047,Sylphenhände,しるふぃはんど
1048,Kaiserhände,かいざーなっくる
1049,Drachenklauen,どらごんくろー
1050,Tigerzähne,たいがーふぁんぐ
1051,Kristallhandschuhe,くりすたるぐらぶ
1052,Jarngreipr,やーるんぐれいぷ
1053,Stab der Ewigkeit,たいむれすろっど
1054,Kaiserinnenwache,えんぷれすろっど
1055,Zauberstab,うぃざーどろっど
1056,Stab der Weisheit,わいざーろっど
1057,Gambanteinn,がんばんていん
1058,Prismenstab,ぷりずむろっど
1059,Mithril-Halsband,みすりるからー
1060,Halsband der Rebellion,りべりおんからー
1061,Silberhalsband,しるばーからー
1062,Amethysthalsband,あめじすとからー
1063,Goldhalsband,ごーるどからー
1064,Brisingamen,ぶりーしんがめん
1065,Magiehalsband,まじっくからー
1066,Wirbeldolch,すぴんだがー
1067,Doppelviper,ついんゔぁいぱー
1068,Adlerschwinge,いーぐるはんたー
1069,Kristallkreuz,くりすたるくろす
1070,Fuma-Shuriken,ふうましゅりけん
1071,Gelbes Megafon,いえろーめがほん
1072,Eisenmegafon,あいあんめがほん
1073,Kristallmegafon,くりすたるめがほん
1074,Rotes Megafon,れっどめがほん
1075,Echomegafon,えこーめがほん
1076,Goldenes Megafon,ごーるどめがほん
1077,Gjallarhorn,ぎゃらるほるん
1078,Bronzereif,ぶろんずばんぐる
1079,Eisenreif,あいあんばんぐる
1080,Mystikarmreif,みすてぃーく
1081,Machina-Armreif,まきなばんぐる
1082,Machtreif,ふぉーすぶれす
1083,Gothic-Armreif,ごしっくばんぐる
1084,Mithril-Armreif,みすりるのうでわ
1085,Sternenreif,すたーぶれす
1086,Titanreif,ちたんばんぐる
1087,Lederschutzreif,れざーがーど
1088,Nietenreif,にーどるがーど
1089,Schwarzreif,ぶらっくぶれす
1090,Zauberreif,うぃざーどぶれす
1091,Magischer Armreif,まじかるのうでわ
1092,Armreif des Magiers,そーさらーのうでわ
1093,Plattenschutzreif,ぷれーとがーど
1094,Schwermetallreif,へゔぃめたる
1095,Hyperschutzreif,はいぱーがーど
1096,Geometriereif,じおめとりぶれす
1097,Runenarmband,るーんのうでわ
1098,Kettenarmreif,ちぇいんばんぐる
1099,Midgar-Reif,みっどがるばんぐる
1100,Shinra-Reif,しんらばんぐる
1101,Armreif des Dons,こるねおのうでわ
1102,Ninja-Armreif,しのびのうでわ
1103,Volant-Armband,ましょうのうでわ
1104,Dämonen-Armreif,きじんのうでわ
1105,Phönix-Armreif,ほうおうのうでわ
1106,Metallarmreif,めたるがーど
1107,Lederreif,れざーばんぐる
1108,Kupferarmreif,かっぱーがーど
1109,Talisman der Dryaden,こだまのあみゅれっと
1110,Robuster Armreif,はーどばんぐる
1111,Knochenarmreif,ぼーんぶれす
1112,Eulenreif,おうるがーど
1113,Ogerarmreif,じゅうじんのうでわ
1114,Matrosenarmreif,せいらーがーど
1115,Elfadunk-Reif,えれふぁばんぐる
1116,Barbarenarmreif,わいるどぶれす
1117,Reif der Königin,くいーんばんぐる
1118,Festungsarmschutz,ふぉーとれすがーど
1119,Talisman der Verzauberung,げんわくのあみゅれっと
1120,Abyssus-Reif,あびすばんぐる
1121,Megalodon-Armreif,めがろぶれす
1122,Reif der Zauberkunst,きじゅつのうでわ
1123,Schwalbenarmschutz,すわろうがーど
1124,Legierter Armschutz,あろいがーど
1125,Talisman der Hexe,まじょのあみゅれっと
1126,Banditenreif,あうとろーばんぐる
1127,Krokodilarmreif,くろこだいるぶれす
1128,Reif des Weisen,けんじゃのうでわ
1129,Großhorn-Reif,びっぐほーんぶれす
1130,Chocobo-Armreif,ちょこぼのうでわ
1131,Kommandantenarmschutz,こまんだーがーど
1132,Talisman der Unterwelt,めいかいのあみゅれっと
1133,Bikerreif,ろーどすたーばんぐる
1134,Schneckenarmreif,すねいるぶれす
1135,Himmlischer Reif,せれすばんぐる
1136,Stachelreif,すぱいんぶれす
1137,Gloria-Armschutz,ぐろりあすがーど
1138,Talisman des Weltenbaums,せかいじゅのあみゅれっと
1139,Garm-Reif,がるむばんぐる
1140,Varvados-Reif,ゔぁるゔぁとすぶれす
1141,Walkürenreif,ゔぁるきゅりあばんぐる
1142,Talisman des Finsterreichs,はですのあみゅれっと
1143,Cetra-Armschutz,せとらがーど
1144,Cetra-Talisman,せとらのあみゅれっと
1145,Cetra-Armreif,せとらばんぐる
1146,Cetra-Reif,せとらのうでわ
1147,Kraftreif,ぱわーりすと
1148,Heilendes Halsband,ひーるちょーかー
1149,Reif der vollen Kraft,ふるぱわーりすと
1150,Seelenohrring,せいれいのぴあす
1151,Talisman,たりすまん
1152,Ohrringe,いやりんぐ
1153,Schutzweste,ぼうだんちょっき
1154,Platin-Ohrring,ぷらちないやりんぐ
1155,Amulett aus alter Zeit,いにしえのおまもり
1156,Überlebensweste,さばいばるべすと
1157,Stirnband,はちまき
1158,Sternenanhänger,ほしのぺんだんと
1159,Froschring,かえるのゆびわ
1160,Windhalstuch,しっぷうのすかーふ
1161,Emblem der Erlösung,れすきゅーばっじ
1162,Mondsichel-Talisman,みかづきちゃーむ
1163,Schutzstiefel,まもりのぶーつ
1164,Götterdämmerung,らぐなろく
1165,Diadem,さーくれっと
1166,Meistergürtel,ちゃんぴおんべると
1167,Clairvoyance,ぐっどゔぃじょん
1168,Mogry-Talisman,もーぐりのおまもり
1169,Tarotkarten,たろっとかーど
1170,Wundersamer Kristall,ふしぎなすいしょう
1171,Zornesring,いかりのゆびわ
1172,Magischer Ring,まじっくりんぐ
1173,Magisches Zahnrad,まほうのはぐるま
1174,Transfer-Modul,とらんすぽーたー
1175,Esper-Talisman,げんじゅうのおまもり
1176,Mako-Kristall,まこうのすいしょう
1177,Starlet-Gürtel,すーぱーすたーべると
1178,Engelsflügel,りれいずぴあす
1179,Freundschaftsarmband,きずなのくみひも
1180,Gozu-Speicherchip,あかおにめもり
1181,Mezu-Speicherchip,あおおにめもり
1182,Schleife,りぼん
1183,Meditationstalisman,ふぉーすたりすまん
1184,Magischer Ohrring,まじかるいやりんぐ
1185,Hochleistungsreif,はいぱわーりすと
1186,Chocobo-Feder,ちょこぼのはね
1187,Kupo-Talisman,くぽちゃーむ
1188,Psychoamulett,さいこちゃーむ
1189,Kameradenohrring,ふらたにてぃぴあす
1190,Weltenbummler-Pin,うぉーかーばっじ
1191,Locche-Schlüsselanhänger,ろーちぇくんきーほるだー
1192,Kosmoritter-Auszeichnung,うちゅうきしだんじゅうぐんくんしょう
1193,Ring des Drachen,じゃりゅうのゆびわ
1194,Schutzbit,せーふてぃびっと
1195,Kompass des Piratenkönigs,かいぞくおうのらしんばん
1196,Genji-Armschutz,げんじのこて
1197,Talisman der Gi,ぎぞくのおまもり
1198,Schal des Grolls,うらみのまふらー
1199,Glücksanhänger,こううんのおまもり
1200,Morbol-Sphäre,もるぼるすふぃあ
1201,Edelsteinring,じゅえるりんぐ
1202,Weißumhang,ほわいとけーぷ
1203,Reif der ultimativen Kraft,ふるすとろんぐりすと
1204,Kampfrüstung,こんばっとあーまー
1205,Arkaner Ohrring,そーさらーいやりんぐ
1206,Talisman der Cetra,せとらのおまもり
1207,Limit-Verstärker,りみっとぶーすたー
1208,Ring der Stärke,たふねすりんぐ
1209,盗賊の小手,とうぞくのこて
1210,Schlüsselring des Zerstörers,こわしやのきーちぇーん
1211,Mantel des Chocobo-Königs,ちょこぼおうのまんと
1212,Flügelschuhe,えるめすのくつ
1213,Gigatrank,ぎがぽーしょん
1214,Übertrank,えくすぽーしょん
1215,Mix-Heiltrank,みっくすぽーしょん
1216,Mix-Supertrank,みっくすはいぽーしょん
1217,Heilspray,みすとぽーしょん
1218,Superspray,みすとはいぽーしょん
1219,Megaspray,みすとめがぽーしょん
1220,Gigaspray,みすとぎがぽーしょん
1221,Super-Äther,はいえーてる
1222,Trocken-Äther,えーてるどらい
1223,Phönixtrank,ふぇにっくすのくすり
1224,Goldnadel,きんのはり
1225,Kissen,ざぶとん
1226,Panzerbrechende Granate,てっこうしゅりゅうだん
1227,Wiesentitan,めどうちたん
1228,Moosachat,もすあげーと
1229,Karminit,くりむぞんたいと
1230,Mondstein,むーんすとーん
1231,Mithril-Erz,みすりるこうせき
1232,Magisches Pulver,まじかるぱうだー
1233,Cosmotit,せいませき
1234,Holz,うっどてぃんばー
1235,Reife Eiche,めろうおーく
1236,Kondor-Zeder,こんどるすぎ
1237,Bergahorn,しかもあのき
1238,Gonga-Kiefer,ごんがまつ
1239,Baobab,ばおばぶのき
1240,Esche,とねりこのき
1241,Nebelsaat,みすとしーど
1242,Lucke,せいんとるーしぇ
1243,Perleningwer,ぱーるじんじゃー
1244,Majoran,まじょらむ
1245,Sternensplitter,すたーぴーす
1246,Piratenrelikt,ぱいれーつれりっく
1247,Äther-Knolle,えーてるおにおん
1248,Segen des Planeten,ほしのめぐみ
1249,Gnade des Planeten,ほしのみのり
1250,Barmherzigkeit des Planeten,ほしのおんけい
1251,Liebe des Planeten,ほしのしんぴ
1252,Gunst des Planeten,ほしのしゅくふく
1253,Offenbarung des Planeten,ほしのけいじ
1254,Gewitter,いかずち
1255,Heilen,かいふく
1256,Luft,かぜ
1257,Zeit,じかん
1258,Zerstörung,しょうめつ
1259,Wiederbeleben,そせい
1260,Behandeln,ちりょう
1261,Toxin,どく
1262,Versiegelung,ふうじる
1263,Glut,ほのお
1264,Frost,れいき
1265,Elementaraffinität,ぞくせい
1266,Widerstand,たいせい
1267,Amplifikation,はんいか
1268,Magische Verkettung,まほうついげき
1269,Feindeskönnen,てきのわざ
1270,Meister der Gegenstände,あいてむたつじん
1271,Schrittzähler,あるきまにあ
1272,Ukenagashi,うけながし
1273,Auto-Vita,おーとけある
1274,Effizientes Blocken,がーどきょうか
1275,Ausweichrundumschlag,かいひぎり
1276,Gil-Boost,ぎるあっぷ
1277,EP-Boost,けいけんちあっぷ
1278,Erstschlag,せんせいこうげき
1279,Provozieren,ちょうはつ
1280,Magie-Boost,まじかる
1281,Glücks-Boost,らっきー
1282,Wilder Trickser,わざたつじん
1283,Schutzengel,りれいず
1284,Materialismus,まてりあばうんす
1285,Auto-Magie,おーとまほう
1286,Magieverstärkung,まほうきょうか
1287,Schnellzauber,くいっくきゃすと
1288,Morphen,へんか
1289,Meister der Gegenstände,あいてむますたー
1290,Limit-Union,りみっとゆにおん
1291,Sprung,じゃんぷ
1292,Dunkle Künste,あんこく
1293,Glücksspiel,ぎゃんぶる
1294,Almosen,ぜになげ
1295,Präzise Abwehr +,じゃすとがーどきょうか
1296,Synchro-Link,れんけいれんさ
1297,Limitspende,りみっとしぇあ
1298,Gilgamesch,ぎるがめっしゅ
1299,Zauberpott,まじっくぽっと
1300,Mogry-Trio,もーぐりーず
1301,Choco-Chic,ふぁんしーちょこぼ
1302,Schlägerduo,ぱにっしゅたんでむ
1303,Furiose Verfolgung,ちぇいすめいと
1304,Donnerwetter,じんらいふうれつ
1305,Katze aus dem Sack,ねこかぶりのけい
1306,Kampfkomplizen,すうぃーとぎゃんぐすたー
1307,Göttliche Strafe,へぶんずぴんぼーる
1308,Planetarer Aufschrei,ぷらねっとろあ
1309,Katerkloppe,どっかんばっかんほう
1310,Kämpfer aus Leidenschaft,ぱっしょんはーとびーと
1311,Avalanche-Abreibung,あばらんちらんぶる
1312,Katerkanonade,にゃんこきゃのん
1313,Assassinengewehr,しのびましんがん
1314,Spiralsprung,ゆにぞんすぴん
1315,Wilder Ansturm,もうこらっしゅ
1316,Mogry-Stopfer,もーぐりだんく
1317,Ungezähmter Aufstand,ゆにおんらいおっと
1318,Marionettenzirkus,まりおねっとさーかす
1319,Sprunggeheuer,ぶっとびびーすと
1320,Tobendes Geheul,びーすとはうりんぐ
1321,Blutpartie,ぶるーとばでぃ
1322,Tierischer Ritt,にゃんことっしん
1323,Azursturz,うんがいそうてん
1324,Ninja-Multiplizierung,はいぱーぶんしんのじゅつ
1325,Zyklonen-Tritt,ついすとたいふーん
1326,Kupo-Wirbel,くぽしゃりんのじゅつ
1327,Mogry-Packung,そるじゃーおんもーぐり
1328,Mogry-Klatscher,じゃいあんともーぐり
1329,Katerklysmus,ぐるぐるごーらんど
1330,Mogry-Moritat,もぐもぐばうんど
1331,SOLDATEN-Ehre,そるじゃーずぷらいど
1332,Kreuzspirale,くろすすぱいらる
1333,Nichtsbrecher,ゔぉいどぶれいく
1334,Kugelkeule,びーとひっと
1335,Schmetterbrüllen,はうるすまっしゅ
1336,Konterfeuer,かうんたーしゅーと
1337,Krafthieb,いんてんすぶれいく
1338,Magiehieb,まぎあぶれいく
1339,Leibwache,ちぇんじがーど
1340,Seelenverwandtschaft,そうるめいとさぽーと
1341,Kraftexplosion,ぶらいとぶらすと
1342,Doppelt hält besser,だぶるがーど
1343,Wilder Ansturm,ちょうとっしん
1344,Schulterschluss,あみーごしょっと
1345,Himmelsrad,まてんしょう
1346,Niederfahren,てんしょうげき
1347,Beschwingter Schritt,すいんぐじゃいぶ
1348,Ab durch die Mitte,わいるどらん
1349,Phantombiss,ふぁんとむばいと
1350,Shuriken-Markierung,ろっくおんしゅりけん
1351,Irrlicht,きつねび
1352,Angriffssignal,とつげきらっぱ
1353,Gruppenkeile,ふくろだたき
1354,Sprintattacke,あさるとだっしゅ
1355,Zwillingsklingen,そうけんらんぶ
1356,Flammenblitz,ふらっしゅふれいむ
1357,Entfesselte Offensive,しんぶれいぶかいほう
1358,Sturmsturz,えありあるどらいぶ
1359,Letzter Schliff,がりょうてんせい
1360,Paradekonter,ぱりぃかうんたー
1361,Auraladung,おーらちゃーじ
1362,Höllenpforte,ごくもん
1363,Bis zum Ende,ざんしん
1364,Achtstreich,はっとういっせん
1365,Vereitelte Rache,ぎゃくしゅうのやいば
1366,Chronofeld,くろのふぉーす
1367,Schützender Magiekreis,せんこうのまほうじん
1368,Lebenspuls,せいめいのこどう
1369,Heiliger Fokus,せいんとちゃーじ
1370,Zornesmal,いかりのらくいん
1371,Stürmischer Umsturz,とるねーどだいぶ
1372,Triade,へぶんずとらいばる
1373,Meteorschlag,めておすとらいく
1374,Hiebserie,れんぞくぎり
1375,Meteorschauer,めておしょっと
1376,Extramagazin,えくすとらまがじん
1377,Befreiung des Geistes,たましいのぼうはつ
1378,Blutbazooka,ぶらっどばずーか
1379,Wirbelfänge,すぴんふぁんぐ
1380,Mächtige Abwehr,すーぱーがーど
1381,Sternenstaubstrahl,すたーだすとれい
1382,Sichelklauen,くれせんとくろー
1383,Frostiges Gebrüll,あいしくるろあー
1384,Lunares Tempo,るなてぃっくはい
1385,Heilender Hüter,せんしのいやし
1386,Ansporn des Hüters,せんしのこぶ
1387,Todbringer,でっどりーりーぱー
1388,Vergeltung,すれっどふぁんぐ
1389,Blutzahn,ぶらっどふぁんぐ
1390,Mondheuler,はうりんぐむーん
1391,Erdangriff,あーすれいゔ
1392,Werfen,しゅりけんなげ
1393,Ninjutsu,にんじゅつ
1394,Furinkazan,ふうりんかざん
1395,Nebelschleier,くもがくれ
1396,Elementar-Ninjutsu,にんじゅつへんか
1397,Aus heiterem Himmel,やぶからぼう
1398,Wirbelsturm,つむじかぜ
1399,Multiplizierung,ぶんしんのじゅつ
1400,Kaktor-Kapriole,いだてんだー
1401,Verbannung,じゃきたいさん
1402,Purifikation,じゃききゅうしゅう
1403,Geölter Blitz,しっぷうじんらい
1404,Blutrausch,ちまつり
1405,Ausmerzung,しょうじゃひつめつ
1406,Vernichtung,がいしゅういっしょく
1407,Tödlicher Jackpot,じゃっくぽっときりんぐ
1408,Katzonade,ねこなでびーむ
1409,Superschock,おーるばーすたー
1410,Katzenkratzer,ねこだらいあたっく
1411,Tatzenstüber,にゃんこあたっく
1412,Kupo!,もーぐりこーる
1413,Würfel,だいす
1414,Wahrschlagerei,ふぉーちゅんあたっく
1415,Mogryplosion,もーぐりばくはつ
1416,Mogry-Mine,もーぐりまいん
1417,Kupo-Beschwörungskunst,もーぐりしょうかんじゅつ
1418,Mogry-Gerade,もーぐりぱんち
1419,Wunderwalzen,すろっと
1420,"Aus den Augen, auf das Kinn",もーぐりとつげき
1421,Mogbox,もぐぼっくす
1422,Mega-Mogbox,めがもぐぼっくす
1423,Giga-Mogbox,ぎがもぐぼっくす
1424,Sprungtritt,どろっぷきっく
1425,Attacke!,がんばれちあー
1426,Abwehr!,おまもりちあー
1427,Austoben!,ばーさくちあー
1428,Stillestupser,ちんもくたっくる
1429,Stoppstupser,じかんたっくる
1430,Giftstupser,どくたっくる
1431,Steinstupser,せきかたっくる
1432,Fokus,ちゃーじ
1433,Schneller Fokus,くいっくちゃーじ
1434,Fokusangriff,あたっくちゃーじ
1435,Mächtiger Mutangriff,はいぶれいばー
1436,Sturmangriff,はーどらっしゅ
1437,Plasma-Entladung,ぷらずまほうでん
1438,Heilwogen,ひーるういんど
1439,Feuer-Impuls,ふぁいあいんぱるす
1440,Eis-Impuls,ぶりざどいんぱるす
1441,Blitz-Impuls,さんだーいんぱるす
1442,Aero-Impuls,えあろいんぱるす
1443,Feurige Verkettung,ふぁいあちぇいん
1444,Eisige Verkettung,ぶりざどちぇいん
1445,Donnernde Verkettung,さんだーちぇいん
1446,Windige Verkettung,えあろちぇいん
1447,Feurige Welle,ふぁいあうぇーぶ
1448,Eisige Welle,ぶりざどうぇーぶ
1449,Donnernde Welle,さんだーうぇーぶ
1450,Windige Welle,えあろうぇーぶ
1451,Grottenschlechter Atem,ちょ～くさいいき
1452,Letzte Chance,らすとるーれっと
1453,1000 Stacheln,はりせんぼん
1454,Kaktor-Kracher,さぼてんばくだん
1455,Stachelbarriere,さぼてんまばりあ
1456,Elektromagnetische Sphäre,ちょうでんじすふぃあ
1457,Grottenschlechter Atem,とてもくさいいき
1458,Zornesbomber,どはつてんぼんばー
1459,Sperrfeuer,いっせいしゃげき
1460,Jedermanns Albtraum,みんなのうらみ
1461,Überbrodelnder Hass,うらみばくはつ
1462,Nimm dies! Und das! Und jenes!,おらおらおら
1463,Yang lacht!,やんはわらっている
1464,Yin ist böse!,いんはおこった
1465,Feuer der Hölle,じごくのかえん
1466,Mogry-Bombe,もぐばくだん
1467,Chocobo-Tritt,ちょこぼきっく
1468,Ionenschlag,さばきのいかずち
1469,Turk-Sturzflug,たーくすだいぶ
1470,Endlose Leere,ぜっくう
1471,Urteilsspruch des Schicksals,うんめいのせんこく
1472,Herzloser Engel,こころないてんし
1473,Kweh!,くえ
1474,"Kweh, kweh!",くえくえくえ
1475,"Mahlzeit, kupo!",ごちそうくぽ
1476,Zantetsuken,ざんてつけん
1477,Gilga-Strahl,ぎるがめびーむ
1478,Mogrys für alle Fälle,もーぐりきんきゅうしゅつどう
1479,Diamantenstaub,だいやもんどだすと
1480,Kupo-Walzer,くぽのわるつ
1481,Gaias Zorn,だいちのいかり
1482,Lebensflamme,てんせいのほのお
1483,Fauchende Flut,たいだるろあ
1484,Jüngstes Gericht,せいなるしんぱん
1485,Trisaster,とらいでぃざすたー
1486,Materia-Ohrring,まてぴあ
1487,"Ich will ein Held werden, so wie du!",あんたみたいなえいゆうになりたいのにさ
1488,Das ist ja meine Heimat!,にぶるへいむはおれのこきょうだ
1489,Platz am Wasserturm,きゅうすいとうひろば
1490,Nibel-Gebirge,にぶるやま
1491,Mako-Gas,まこうがす
1492,Mako-Reaktor von Nibelheim,にぶるまこうろ
1493,"Ich wusste immer, dass ich besonders war.",おれはとくべつなそんざいなんだとおもっていた
1494,Shinra-Villa,しんらやしき
1495,Professor Gast,がすとはかせ
1496,Jenova-Projekt,じぇのばぷろじぇくと
1497,"In welcher Zeit lebst du, Cloud?",じだいはかわったぜくらうど
1498,Rashard Zangan,ろーしゃざんがん
1499,偉大な科学者の仕事を引き継いだ凡人,いだいなかかぐしゃのしごとをひきついだぼんじん
1500,"Wenn du noch mal beten willst, dann jetzt.",けんにいのるならいまのうちだ
1501,Nun kannst du endlich den Helden spielen.,おまえごのみのてんかいだな
1502,"Hojo, du Narr. Warum nur?",ほうじょうめやったな
1503,Mutter erwartet mich.,ははにあいにいく
1504,Mutter. Ich komme zu dir.,いまむかえにいくよ
1505,Ich bin der Auserwählte.,おれはえらばれしもの
1506,Ich werde über diesen Planeten herrschen.,やがてほしのしはいしゃとなる
1507,Kalm,かーむ
1508,Broden,ぶろーど
1509,Kodex,すきるぶっく
1510,Synthese-Modul,くらふとたんまつ
1511,Schnellreise,ふぁすととらべる
1512,Junon,じゅのん
1513,Mithril-Minen,みすりるまいん
1514,Olivers Farm,おりばーのうじょう
1515,Chocobo Bill,ぐりん
1516,Bills Farm,ぐりんぼくじょう
1517,Chocobo-Billy,ぐりんぐりん
1518,Piko,ぴこ
1519,Chloe,くりん
1520,Goldfeder,おうごんのはね
1521,Graslande,ぐらすらんど
1522,Weltbericht,わーるどれぽーと
1523,Mogry-Medaille,もーぐりめだる
1524,Goldpunkt,ごーるどぽいんと
1525,Kampfbericht-Scanner,ばとるれぽーと
1526,Lebensquelle,らいふすぽっと
1527,Protosubstanz,えんしぇんとまたー
1528,Chocobo-Pfeife,ちょこぼほいっする
1529,Hallooo!,もしもーし
1530,Mit Abschaum wie euch räum ich auf!,しゃかいのてきどもせいばいしてくれる
1531,Jetzt habt ihr mich am Hals!,れのせんぱいのるすはわたしがまもる
1532,Ein richtiger Urlaub?,あこがれのゔぁけーしょん
1533,Pass gut auf Aerith auf.,えありすをよろしくな
1534,Ist ein Befehl von oben.,うえからのめいれいだ
1535,Du solltest mal in den Spiegel gucken.,おまえたちがはじめたせんそうだ
1536,Unter-Junon,あんだーじゅのん
1537,Rhonda,ろどなー
1538,Priscilla,ぷりしら
1539,Shushushu!,しゅしゅしゅ
1540,"Was fällt dir ein, du schmieriger Typ?!",なにするんだごら～
1541,"Danke, Leute!",ありがっとね～
1542,Emilio,えみりお
1543,Mal wieder kein Interesse?,つぎははらわってはなそうぜ
1544,Ex-SOLDAT!,ふっきんならまけない
1545,Tyrannisches Shinra,じゃちぼうぎゃくのしんらかんぱにー
1546,Oberst Glenn Lodbrok,ぐれんろずぶろーくたいさ
1547,Glenn Lodbrok,ぐれん
1548,Kapitän Titov,ちとふ
1549,Highwind,はいういんど
1550,Krieg um die Magnus-Materia,ひゅーじまてりあをめぐるあらそい
1551,Nord-Junon,えるじゅのん
1552,Gouverneur Sarruf,すふーるそうとく
1553,興味しんしん！,きょうみしんしん
1554,やる気マンマン！,やるきまんまん
1555,"Rasier ihn glatt, lass ihn nicht matt!",かがやけみがけおれのたいよう
1556,Gut. Läuten wir eine neue Ära ein.,さあしんじだいのまくあけだ
1557,Mako-Kanone,まこうきゃのんほう
1558,Ifrit-Formation,いふりーとふぉーむ
1559,Bahamut-Formation,ばはむーとふぉーむ
1560,Ramuh-Formation,らむうふぉーむ
1561,Shiva-Formation,しゔぁふぉーむ
1562,7. Infanterie Midgars,みっどがるだいななほへいれんたい
1563,Süd-Junon,あるじゅのん
1564,Ernennungsparade des neuen Direktors,しんしゃちょうしゅうにんしゅくがぱれーど
1565,Magnus-Materia,ひゅーじまてりあ
1566,毛皮をまといし者は、なめられたら終わりだ,けがわをまといしものはなめられたらおわりだ
1567,Gina,れじー
1568,Fazh,ふぁず
1569,Shinra 8,だいはちしんらまる
1570,コスタ,こすた
1571,Stärkster Kartorero,みらいのさいきょうかーどばうたー
1572,Wise,わいず
1573,Tragen wir's aus!,かーどばうとだ
1574,Felix,ふれっさー
1575,Lust auf 'ne blutige Nase?,いっちょうやりますか
1576,Na dann. Möge die Show beginnen.,さあしょーたいむだ
1577,Gina Königin,れじーけーにぎん
1578,Shinra Resorts,しんらりぞーと
1579,Das Gehen auf zwei Beinen ist eine Kunst.,にほんあしでたつのはむずかしいものだな
1580,Schwarzkutte,くろまんと
1581,"Tsch-Tschüs, ich bin raus!",かんべんしてよぉ～！
1582,Kapono,かぽの
1583,Costa del Sol Resort,こすたでるそるりぞーと
1584,Nanaki,ななき
1585,Fran,ふれん
1586,Naomi,のえみ
1587,Yorda,よるだ
1588,Verspielt wie eine Kreiselschnecke,まきがいのようにまきまき
1589,Willst den Mädels wohl den Kopf verdrehen!,ひりひりでひゅ～ひゅ～だね
1590,実験ショーの開幕だ！,じっけんしょーのかいまくだ
1591,Schattentechnik: Azurblauer Blitzschlag!,にんぽうせいてんのへきれき
1592,Ende Gelände!,おそまつ
1593,Der Held von Costa,こすたのえいゆうじょにー
1594,Corel-Gebirge,これるやま
1595,Geschickte Materia-Jägerin bei Tage!,あるときはすごうでまてりあはんたー
1596,Bezaubernde Ninja in der Nacht!,あるときはかれいなるあんさつしゃ
1597,Bildschön und edelmütig zugleich!,あるときはおたすけびしょうじょにんじゃ
1598,Ich bin die unglaubliche Yuffie!,みんなだいすきゆふぃちゃんだよ
1599,ツンツン頭,つんつんあたま
1600,Costa del amor,こすたであもーる
1601,Freundschaftskarte,あもーるかーど
1602,Wheelie,うぃりー
1603,Strand von Costa,こすたびーち
1604,"Gewinne ich, werdet ihr meine Vasallen!",あたしがかったらあたしのてしたになれ
1605,Doktor Sheiran,しろんいし
1606,"War schön, euch gekannt zu haben!",つぎはりべんじだぞと
1607,Projekt Magnus-Materia,ひゅーじまてりあぷろじぇくと
1608,Arma,うぇぽん
1609,Kikericloud,くらぴよ
1610,Er gehört zu seiner Familie.,かぞくはいっしょがいちばんだ
1611,Nord-Corel,きたこれる
1612,Dio,でぃお
1613,Cait Sith,けっとしー
1614,Mogry-Guide,Gもーぐり
1615,Tomberry-Roboter,とんべりろぼ
1616,Event Square,いべんとすくえあ
1617,Skywheel Square,すかいほいーるすくえあ
1618,Chocobo Square,ちょこぼすくえあ
1619,Ghost Square,ごーすとすくえあ
1620,Grüne Oase,ぱーくせんとらる
1621,Under Saucer,あんだーそーさー
1622,Goldenes Theater,ごーるどげきじょう
1623,実験サンプル,じっけんさんぷる
1624,Jetzt wird das Tanzbein geschwungen!,おどらにゃそんそん
1625,Gold Saucer - das goldene Paradies,おうごんのらくえんごーるどそーさー
1626,Goldenes Paradies,おうごんのらくえん
1627,Überwinde deine Grenzen!,げんかいをこえる
1628,Nimm's nicht persönlich!,わるくおもうな
1629,Jetzt wird abgerechnet.,ふうんをうらめ
1630,Goldkarte,ごーるどぱすぽーと
1631,Du wirst der heutige Herausforderer sein!,わかものよきみがこよいのちゃれんじゃーだ
1632,ようこそ、黄金の楽園、ゴールドソーサーへ,ようこそおうごんのらくえんごーるどそーさーへ
1633,いまのうちだ、楽しめ、クラウド,いまのうちだたのしめくらうど
1634,Das Blut des Planeten,ほしのち
1635,ヘイ・ユー！みなさんの未来占うで～！,へいゆーみなさんのみらいうらなうで～
1636,War echt keine Absicht.,えらいすんません
1637,無駄な抵抗をやめ、ただちに投降せよ,むだなていこうをやめただちにとうこうせよ
1638,Ergebt euch auf der Stelle!,おとなしくとうこうしなさーい
1639,Untersteh dich!,いやゔぁにらはだめです
1640,P-Pärchen? So wie ein Liebespaar?,かっぷるってあのかっぷるか
1641,これはオレの、オレたちの問題だ,これはおれのおれたちのもんだいだ
1642,Dieses Blut klebt an meinen Händen!,おれのてはもうちまみれじゃねえか
1643,うひょー、もうヤケクソだもんねー！,うひょーもうやけくそだもんねー
1644,Buggy,ばぎー
1645,Glücksessen: Pilze,らっきーふーどはきのこ
1646,Seilpistole,わいやーがん
1647,Cissnei,しすね
1648,Gongaga,ごんがが
1649,Schoßkatze!,ねこですう～
1650,Gonga-Pilz,ごんがだけ
1651,Mako-Reaktor von Gongaga,ごんががまこうろ
1652,Schwarze Millen und rote Schillen,くろみりおんかあかしりぃ
1653,Er war meine erste Liebe.,きらいになるりゆうないもの
1654,Rehlnika,げるにか
1655,Jeder wünscht sich doch einen Helden.,ぴんちのときにひーろーがたすけてくれるの
1656,Dieses Mal beschütze ich dich!,こんどはわたしがまもるから
1657,Fango,ふぁんご
1658,Cid,しど
1659,Tiny Bronco,たいにーぶろんこ
1660,Bronco Airlines,ぶろんここうくう
1661,Seto,せと
1662,Gezel Bugenhagen,げーぜるぶーげんはーげん
1663,Bugenhagen,ぶーげんはーげん
1664,Ältester,めんたー
1665,"Gehört denen jetzt der Himmel, oder was?",そらはだれのもんでもねえ
1666,Shinra kann mich mal am Arsch lecken!,しんらなんかくそくらえってなもんだ
1667,Dann knuddel und wuddel ich dich!,ねこっかわいがりのけいだ
1668,Zentrum der Planetenkunde,せいめいがくのせいちこすもきゃにおん
1669,Möge der Planet uns allezeit schützen.,ほしとともにあらんことを
1670,"Kinder des Planeten, Kind des Planeten",ほしのたみ
1671,Mako-Detektor,まこうたんちき
1672,Planetarium,せいめいがくしゅうき
1673,die Gi,ぎぞく
1674,Für 2.000 kommen wir mit!,ほうしゅうは2000だな
1675,Hohoho!,ほーほーほう
1676,"Nanaki, der Hüter von Cosmo Canyon!",おいらはこすもきゃにおんのななき
1677,漆黒の宝珠,しっこくのほうじゅ
1678,Vincent,ゔぃんせんと
1679,Vincent Valentine,ゔぃんせんとゔぁれんたいん
1680,Dann mal danke für alles!,ほなおおきに～
1681,Murasaki,むらさき
1682,Ninja,しのび
1683,Lasst mich schlafen.,わたしをあくむからよびおこすのはだれだ
1684,Auf eine Sünde mehr kommt es nicht an.,わたしのつみがまたひとつふえたようだ
1685,Schlüsselstein,きーすとーん
1686,Das hast du nun davon!,ねこなめたらあきませんで～
1687,Du wirst mir die Schwarze Materia bringen.,くらうどおれはくろまてりあがほしい
1688,Er wurde einst als Held verehrt.,かつてえいゆうとよばれたおとこせふぃろす
1689,Gardia,がるでぃあ
1690,Alphred,あるふりーど
1691,Rosa,るーざ
1692,der Narr,どうけし
1693,Varvados,ゔぁるゔぁどす
1694,"Aye, aye, Sir!",あいあいさー
1695,Heute ist leider schon Feierabend!,きょうはざんぎょうなしだぞと
1696,Mit euch hab ich noch 'ne Rechnung offen!,でっけえかりかえしてもらうぜ
1697,Reno. Du weißt Bescheid!,あいぼういつものたのむ
1698,Erteilen wir ihnen 'ne Turks-Lektion.,たーくすなめんなよ
1699,Du kriegst jetzt erst mal eine geballert!,てめえはいっぱつぶんなぐっておかねえとな
1700,"Er steht euch nicht, der Tod.",いきてこそのたーくすだ
1701,Meteor,めてお
1702,Wir stehen das durch. Was auch passiert.,なにがあってもいっしょだよ
1703,Überwinder der Ewigkeit,ゆうきゅうのときをこえここにたつものたちよ
1704,Denn du bist meine willenlose Marionette.,かわいいおれのからっぽにんぎょう
1705,Füll dein leeres Herz mit Zorn und Wut.,からっぽのこころをいかりでみたせ
1706,Fürchtet euch nicht.,かなしむことはないほしにかえるだけだ
1707,いらっしゃいませ～！,いらっしゃいませ～
1708,Unser Platz,おもいでのばしょ
1709,Neue Wege erschließen eine neue Welt.,えらんだらあたらしいせかいがひろがる
1710,Ich will mir mein Leben zurückholen.,おれのじんせいをとりもどしたい
1711,このマテリアがきっと、世界を救う,このまてりあがきっとせかいをすくう
1712,Ich werde meinen Segen mit dir teilen.,しゅくふくをおまえにおくろう
1713,Das Leben fließt durch den Planeten.,いのちはほしをめぐる
1714,Vergessene Stadt,わすらるるみやこ
1715,Eine Reunion mit unserer Welt.,われわれのせかいにりゆにおんするのだ
1716,Masamune,まさむね
1717,"Wo Licht ist, da sind auch Schatten",おちたえいゆう
1718,"Eine Schifffahrt, die ist lustig?",じぇのばのさいりん
1719,Davon stand nichts im Prospekt,ひとときのばかんす
1720,Der Preis des Fortschritts,まこうのだいしょう
1721,Flucht aus dem Paradies,らくえんからのだっしゅつ
1722,Verdammte Degeneration,れっかするそるじゃー
1723,Auf Wolke 7,おもいでのでーと
1724,Hart im Nehmen,ちゃどりーおーばーふろー
1725,Der Schrei des Planeten,ほしのなきごえ
1726,Freund der Mogrys,もーぐりだいすきそるじゃー
1727,Klaviervirtuose,ぴあのまえすとろ
1728,Schatz von Wüste beschützen!,さぼてんだーせんぼんのっかー
1729,Gambit-Meister,ほしのいずみのがんびっとますたー
1730,Kommandant von Fort Kondor,こんどるふぉーとのめいしょう
1731,"Kompanie, halt!",だいななほへいれんたいぜんいんしゅうごう
1732,Der Stolz Midgars,さいゆうしゅうぱふぉーまんすしょうじゅしょう
1733,Der Unerschrockene,すべてをこえしもの
1734,Wer will mein Handlanger werden?,ふくしゅうへのたびだち
1735,So war's nicht geplant.,はちばんがいのとうそう
1736,Ein Cloud für alle Fälle,なんでもやのしごと
1737,Verschworene Bande,あばらんちとのきずな
1738,Die Rattenfänger von Midgar,わなにおちたねずみ
1739,Reifeprüfung bestanden,そるじゃーのかたならし
1740,Bullseye!,だーつえきすぱーと
1741,Ein heißer Feuerstuhl,ばいくそるじゃー
1742,Johnnys Busenfreund,じょにーのまぶだち
1743,Tanzkönig,だんしんぐくいーん
1744,Der legendäre Schwertmeister,でんせつのけんごう
1745,Hoffentlich bist du deine Gil wert.,
1746,Lockhart,
1747,Strife,
1748,Wallace,
1749,Blumenverkäuferin,
1750,Gainsborough,
1751,Fair,
1752,,
1753,,
1754,,
1755,,
1756,Tuesti,
1757,Bewahre deine Ehre als SOLDAT!,
1758,Endlos wie der Himmel.,
1759,Kommt und holt's euch!,
1760,Zander,
1761,Leise wie ein Mäuschen!,
1762,"Sie denken wohl, wir langweilen uns.",
1763,,
1764,Moonlight Thievery,
1765,,
1766,Chocobo & Mogry,
1767,,
1768,Kisaragi,
1769,Kusakabe,
1770,Mutter. Ich bin gekommen.,
1771,Ich bin der wahre Erbe dieses Planeten.,
1772,"Gib dich ganz deinem Hass hin, Cloud.",
1773,Lehn dich mit mir gegen das Schicksal auf.,
1774,The Tiny Bronco Sails the Sea,
1775,Diebeshandschuhe,
1776,"He, du!",
1777,Die Sterne werden uns den Weg zeigen!,
1778,Ergebt euch auf der Stelle! ,
1779,,
1780,,
1781,,
1782,,
1783,Gib mir ein Diadem!,
1784,,
1785,,
1786,,
1787,,
1788,Gib mir einen Kodex!,
1789,,
1790,,
1791,,
1792,,
1793,"Es ist egal, ob du Mann oder Frau bist.",
1794,Hohi!,
1795,Und was auch immer passiert ...,
1796,Die Freiheit macht mir Angst.,
1797,"Beuge dich dem Schicksal, Cloud.",
1798,Hast du Angst vor mir?,
1799,Du bist vollkommen machtlos!,
1800,Das Schicksal lässt sich nicht ändern.,
1801,Der Schrei des Schicksals.,
1802,Du sollst mich nicht vergessen.,
1803,Auf die Knie!,
1804,Mutter. Ich bin hier.,
1805,Ich allein bin deine absolute Wahrheit.,
1806,"Hör auf, dir was vorzumachen, Cloud.",
1807,Du bist meine willenlose Marionette.,
1808,Deine Sturheit sucht ihresgleichen.,
1809,Dafür muss ich dich bestrafen.,
1810,Dunkle Gefühle wiegen schwer.,
1811,Der Held Sephiroth,
1812,Er kehrt nur zum Planeten zurück.,
1813,Schwarzkutte,
1814,Gib mir einen Buggy!,
1815,Gib mir etwas Gil!,
1816,Gib mir einen Cosmotit!,
1817,Gib mir einen Megatrank!,
1818,Gib mir einen Kampfstab!,
1819,Gib mir etwas Mako!,
1820,Gib mir einen Schutzbit!,
1821,Gib mir eine Goldkarte!,
1822,"Zuhause ist, wo die Familie ist, nicht?",
1823,Amüsier dich. Denn noch kannst du's.,
1824,Gib mir ein Aufputschmittel!,
1825,Gib mir Fafnir!,
1826,,
1827,,
1828,,
1829,,
1830,,
1831,,
1832,,
1833,,
1834,,
1835,,
1836,,
1837,,
1838,,
1839,,
1840,,
1841,,
1842,,
1843,,
1844,,
1845,,
1846,,
1847,,
1848,,
1849,,
1850,,
1851,,
1852,,
1853,,
1854,,
1855,,
1856,,
1857,,
1858,,
1859,,
1860,,
1861,Cid Highwind,しどはいういんど
1862,Komm an meine haarige Brust!,さあこねこちゃんおれのむねへかも～ん
1863,Ich bleib lieber am Boden.,うちゅうはせんもんがいだ
1864,,
1865,Höllenreiter VR2,
1866,四番街プレート,よんばんがいぷれーと
