#,Name,Abilities[0],Abilities[1],Abilities[2],Abilities[3],AutoAction,SmallScalePercentage,MediumScalePercentage,LargeScalePercentage,AllowedPetMirage[0],AllowedPetMirage[1],AllowedPetMirage[2],AllowedPetMirage[3],AllowedPetMirage[4],AllowedPetMirage[5],Unknown18,Unknown14,AutoDespawn,NonCombatSummon,ShowPetActionBar
0,,0,0,0,0,0,100,100,100,0,0,0,0,0,0,0,-1,False,False,False
1,Smaragd-Karfunkel,0,0,0,0,0,100,100,100,0,0,0,0,0,0,0,-1,False,True,True
2,Topas-Karfunkel,0,0,0,0,0,100,100,100,0,0,0,0,0,0,0,-1,False,True,True
3,,0,0,0,0,0,100,100,100,1,2,3,0,0,0,0,0,False,True,True
4,,0,0,0,0,0,100,100,100,1,2,3,0,0,0,0,1,False,True,True
5,,0,0,0,0,0,100,100,100,1,2,3,0,0,0,0,2,False,True,True
6,Eos,803,805,7438,16544,802,100,100,100,1,2,3,4,8,0,0,-1,False,True,True
7,Selene,803,805,7438,16544,0,100,100,100,0,0,0,0,0,0,0,-1,False,True,True
8,Selbstschuss-Gyrocopter TURM,0,0,7416,0,0,100,100,100,0,0,0,0,0,0,0,-1,True,False,False
9,Selbstschuss-Gyrocopter LÄUFER,0,0,7417,0,0,100,100,100,0,0,0,0,0,0,0,-1,True,False,False
10,Demi-Bahamut,7428,0,7449,0,0,10,20,30,0,0,0,0,0,0,0,-1,False,False,True
11,,0,0,7440,7441,0,100,100,100,0,0,0,0,0,0,0,-1,True,False,False
12,Demi-Bahamut,29676,0,29677,0,0,100,100,100,0,0,0,0,0,0,0,-1,False,False,False
13,,0,0,17801,0,0,100,100,100,0,0,0,0,0,0,0,-1,False,False,False
14,Demi-Phönix,16519,0,16518,0,0,33,66,100,0,0,0,0,0,0,0,-1,False,False,True
15,Seraph,16550,16551,16547,0,16548,100,100,100,0,0,0,0,0,0,0,-1,False,True,True
16,Mondstein-Karfunkel,0,0,0,0,0,100,100,100,0,0,0,0,0,0,0,-1,False,False,False
17,Schattenschemen,0,0,0,0,0,100,100,100,0,0,0,0,0,0,0,-1,True,False,False
18,Automaton DAME,0,0,16503,25787,0,100,100,100,0,0,0,0,0,0,0,-1,True,False,False
19,Gedoppeltes Ich,0,0,0,0,0,100,100,100,0,0,0,0,0,0,0,-1,False,False,False
20,Demi-Phönix,29681,0,29682,0,0,100,100,100,0,0,0,0,0,0,0,-1,False,False,False
21,Seraph,29240,0,29241,0,0,100,100,100,0,0,0,0,0,0,0,-1,False,False,False
22,Gedoppeltes Ich,0,0,0,0,0,100,100,100,0,0,0,0,0,0,0,-1,False,False,False
23,Karfunkel,25841,25842,0,0,0,100,100,100,1,2,3,5,6,7,0,-1,False,True,True
24,Rubin-Karfunkel,0,0,25843,0,0,100,100,100,0,0,0,0,0,0,0,-1,False,False,True
25,Topas-Karfunkel,0,0,25844,0,0,100,100,100,0,0,0,0,0,0,0,-1,False,False,True
26,Smaragd-Karfunkel,0,0,25845,0,0,100,100,100,0,0,0,0,0,0,0,-1,False,False,True
27,Ifrit-Egi,0,0,25846,25849,0,100,100,100,1,2,3,4,0,0,0,-1,False,False,True
28,Titan-Egi,0,0,25847,25850,0,100,100,100,1,2,3,4,0,0,0,-1,False,False,True
29,Garuda-Egi,0,0,25848,25851,0,100,100,100,1,2,3,4,0,0,0,-1,False,False,True
30,Rubin-Ifrit,0,0,25852,0,0,25,50,75,0,0,0,0,0,0,0,-1,False,False,True
31,Topas-Titan,0,0,25853,0,0,33,66,100,0,0,0,0,0,0,0,-1,False,False,True
32,Smaragd-Garuda,0,0,25854,0,0,33,66,100,0,0,0,0,0,0,0,-1,False,False,True
33,,0,0,25863,25864,0,100,100,100,0,0,0,0,0,0,0,-1,True,False,False
34,Bernstein-Karfunkel,0,0,0,0,0,100,100,100,0,0,0,0,0,0,0,-1,False,False,False
35,Selbstschuss-Gyrocopter LÄUFER,29413,0,0,0,0,100,100,100,0,0,0,0,0,0,0,-1,True,False,False
36,Karfunkel,0,0,0,0,0,100,100,100,0,0,0,0,0,0,0,-1,False,False,False
37,Karfunkel,0,0,0,0,0,100,100,100,0,0,0,0,0,0,0,-1,False,False,False
38,Rubin-Karfunkel,0,0,0,0,0,100,100,100,0,0,0,0,0,0,0,-1,False,False,False
39,Rubin-Karfunkel,0,0,0,0,0,100,100,100,0,0,0,0,0,0,0,-1,False,False,False
40,Obsidian-Karfunkel,0,0,0,0,0,100,100,100,0,0,0,0,0,0,0,-1,False,False,False
41,Obsidian-Karfunkel,0,0,0,0,0,100,100,100,0,0,0,0,0,0,0,-1,False,False,False
42,Obsidian-Karfunkel,0,0,0,0,0,100,100,100,0,0,0,0,0,0,0,-1,False,False,False
43,Obsidian-Karfunkel,0,0,0,0,0,100,100,100,0,0,0,0,0,0,0,-1,False,False,False
44,Mondstein-Karfunkel,0,0,0,0,0,100,100,100,0,0,0,0,0,0,0,-1,False,False,False
45,Mondstein-Karfunkel,0,0,0,0,0,100,100,100,0,0,0,0,0,0,0,-1,False,False,False
46,Sol-Bahamut,36993,0,36999,0,0,13,26,40,0,0,0,0,0,0,0,-1,False,False,True
47,Cu Sith,44935,44936,44934,46752,0,56,80,96,9,0,0,0,0,0,1,-1,False,True,True
48,Baumhörnchen,44937,44938,44934,46752,0,140,200,240,10,0,0,0,0,0,2,-1,False,True,True
49,Schaf,44939,44940,44934,46752,0,84,120,144,11,0,0,0,0,0,3,-1,False,True,True
50,Pugil,44941,44942,44934,46752,0,70,100,120,12,0,0,0,0,0,4,-1,False,True,True
51,,0,0,0,0,0,0,0,0,0,0,0,0,0,0,0,0,False,False,False
52,Opo-Opo,44943,44944,44934,46752,0,70,100,120,13,0,0,0,0,0,5,-1,False,True,True
53,Dodo,44945,44946,44934,46752,0,70,100,120,14,0,0,0,0,0,6,-1,False,True,True
54,Kobalos,44947,44948,44934,46752,0,70,100,120,15,0,0,0,0,0,7,-1,False,True,True
55,Schaudermilbe,44949,44950,44934,46752,0,56,80,96,16,0,0,0,0,0,8,-1,False,True,True
56,Megalokrabbe,44951,44952,44934,46752,0,56,80,96,17,0,0,0,0,0,9,-1,False,True,True
57,Vespula,44953,44954,44934,46752,0,105,150,180,18,0,0,0,0,0,10,-1,False,True,True
58,Kapgeier,44955,44956,44934,46752,0,105,150,180,19,0,0,0,0,0,11,-1,False,True,True
59,Mandragora,44957,44958,44934,46752,0,91,130,156,20,0,0,0,0,0,12,-1,False,True,True
60,Gespenst,44959,44960,44934,46752,0,49,70,84,21,0,0,0,0,0,13,-1,False,True,True
61,Puk,44961,44962,44934,46752,0,105,150,180,22,0,0,0,0,0,14,-1,False,True,True
62,Krabbe,44963,44964,44934,46752,0,70,100,120,23,0,0,0,0,0,15,-1,False,True,True
63,Mantis,44965,44966,44934,46752,0,49,70,84,24,0,0,0,0,0,16,-1,False,True,True
64,Schleim,44967,44968,44934,46752,0,56,80,96,25,0,0,0,0,0,17,-1,False,True,True
65,Dullahan,44969,44970,44934,46752,0,70,100,120,26,0,0,0,0,0,18,-1,False,True,True
66,Fledermaus,44971,44972,44934,46752,0,175,200,240,27,0,0,0,0,0,19,-1,False,True,True
67,Fliegenfalle,44973,44974,44934,46752,0,91,130,156,28,0,0,0,0,0,20,-1,False,True,True
68,Ziz,44975,44976,44934,46752,0,42,60,72,29,0,0,0,0,0,21,-1,False,True,True
69,Kaktor,44977,44978,44934,46752,0,126,180,216,30,0,0,0,0,0,22,-1,False,True,True
70,Golem,44979,44980,44934,46752,0,70,100,120,31,0,0,0,0,0,23,-1,False,True,True
71,Apkallu,44981,44982,44934,46752,0,77,110,132,32,0,0,0,0,0,24,-1,False,True,True
72,Adaman-Taimai,44983,44984,44934,46752,0,28,40,48,33,0,0,0,0,0,25,-1,False,True,True
73,Büffel,44985,44986,44934,46752,0,28,40,48,34,0,0,0,0,0,26,-1,False,True,True
74,Uragnit,44987,44988,44934,46752,0,56,80,96,35,0,0,0,0,0,27,-1,False,True,True
75,Riesenwurm,44989,44990,44934,46752,0,42,60,72,36,0,0,0,0,0,28,-1,False,True,True
76,Spriggan,44991,44992,44934,46752,0,119,170,204,37,0,0,0,0,0,29,-1,False,True,True
77,Goobbue,44993,44994,44934,46752,0,49,70,84,38,0,0,0,0,0,30,-1,False,True,True
78,Karpfenkröte,44995,44996,44934,46752,0,42,60,72,39,0,0,0,0,0,31,-1,False,True,True
79,Kolibri,44997,44998,44934,46752,0,70,100,120,40,0,0,0,0,0,32,-1,False,True,True
80,Coeurl,44999,45000,44934,46752,0,56,80,96,41,0,0,0,0,0,33,-1,False,True,True
81,Raptor,45001,45002,44934,46752,0,70,100,120,42,0,0,0,0,0,34,-1,False,True,True
82,Drakon,45003,45004,44934,46752,0,56,80,96,43,0,0,0,0,0,35,-1,False,True,True
83,Baumschrat,45005,45006,44934,46752,0,35,50,60,44,0,0,0,0,0,36,-1,False,True,True
84,Treiberameise,45007,45008,44934,46752,0,84,120,144,45,0,0,0,0,0,37,-1,False,True,True
85,Chimäre,45009,45010,44934,46752,0,42,60,72,46,0,0,0,0,0,38,-1,False,True,True
86,Morbol,45011,45012,44934,46752,0,42,60,72,47,0,0,0,0,0,39,-1,False,True,True
87,Geist,45013,45014,44934,46752,0,140,200,240,48,0,0,0,0,0,40,-1,False,True,True
88,Salamander,45015,45016,44934,46752,0,56,80,96,49,0,0,0,0,0,41,-1,False,True,True
89,Kobra,45017,45018,44934,46752,0,49,70,84,50,0,0,0,0,0,42,-1,False,True,True
90,Hydra,45019,45020,44934,46752,0,32,45,54,51,0,0,0,0,0,43,-1,False,True,True
91,Kleinlibelle,45021,45022,44934,46752,0,49,70,84,52,0,0,0,0,0,44,-1,False,True,True
92,Verrottende Goobbue,45023,45024,44934,46752,0,49,70,84,53,0,0,0,0,0,45,-1,False,True,True
93,Montisaurus,45025,45026,44934,46752,0,35,50,60,54,0,0,0,0,0,46,-1,False,True,True
94,Eisgolem,45027,45028,44934,46752,0,56,80,96,55,0,0,0,0,0,47,-1,False,True,True
95,Karlabos,45029,45030,44934,46752,0,63,90,108,56,0,0,0,0,0,48,-1,False,True,True
96,Rafflesia,45031,45032,44934,46752,0,56,80,96,57,0,0,0,0,0,49,-1,False,True,True
97,Behemoth,45033,45034,44934,46752,0,35,50,60,58,0,0,0,0,0,50,-1,False,True,True
98,,0,0,0,0,0,0,0,0,0,0,0,0,0,0,0,0,False,False,False
99,,0,0,0,0,0,0,0,0,0,0,0,0,0,0,0,0,False,False,False
100,,0,0,0,0,0,0,0,0,0,0,0,0,0,0,0,0,False,False,False
101,,0,0,0,0,0,0,0,0,0,0,0,0,0,0,0,0,False,False,False
102,,0,0,0,0,0,0,0,0,0,0,0,0,0,0,0,0,False,False,False
103,,0,0,0,0,0,0,0,0,0,0,0,0,0,0,0,0,False,False,False
