0,TEXT_KINGKW303_05504_SEQ_00,"A surprisingly unsinged Lydirceil is eager to proceed.
※Changing classes or jobs will prevent progress during this quest."
1,TEXT_KINGKW303_05504_SEQ_01,"Though Lydirceil is keen to see your phantom weapon stripped of its illusory trappings, Gerolt is already having misgivings. Despite the success of the previous test, the weaponsmith divulges that he noticed a slight aetherial imbalance in Lydirceil's armor resulting from the Phantom Philleter. Leery of leaving the issue unaddressed, Gerolt resolves to rebuild the core of your weapon and thus counteract any discrepancies. Sadly, this requires three chunks of ecliptic arcanite, and, presumably, a significant outlay of tomestones. Once you have completed the transaction, Dodokkuli will be waiting to receive the ore for initial processing.

※You may not proceed with a class or job that is different from when you accepted this quest.

※Chunks of ecliptic arcanite can be obtained from Ermina in the phantom village."
2,TEXT_KINGKW303_05504_SEQ_02,"The diminutive metallurgist deftly completes his preparations and hands the processed ore to Gerolt. Brandishing the knife with enthusiasm, the grizzled weaponsmith slices through the illusion wreathing your phantom weapon. Although the weapon's true form has been revealed, Gerolt is determined to “squeeze every last drop o' potential” out of his creation, and bids you channel memories of battle into it to help him achieve his vision. Exactly what he means by this, however, remains to be seen..."
3,TEXT_KINGKW303_05504_SEQ_03,
4,TEXT_KINGKW303_05504_SEQ_04,
5,TEXT_KINGKW303_05504_SEQ_05,
6,TEXT_KINGKW303_05504_SEQ_06,
7,TEXT_KINGKW303_05504_SEQ_07,
8,TEXT_KINGKW303_05504_SEQ_08,
9,TEXT_KINGKW303_05504_SEQ_09,
10,TEXT_KINGKW303_05504_SEQ_10,
11,TEXT_KINGKW303_05504_SEQ_11,
12,TEXT_KINGKW303_05504_SEQ_12,
13,TEXT_KINGKW303_05504_SEQ_13,
14,TEXT_KINGKW303_05504_SEQ_14,
15,TEXT_KINGKW303_05504_SEQ_15,
16,TEXT_KINGKW303_05504_SEQ_16,
17,TEXT_KINGKW303_05504_SEQ_17,
18,TEXT_KINGKW303_05504_SEQ_18,
19,TEXT_KINGKW303_05504_SEQ_19,
20,TEXT_KINGKW303_05504_SEQ_20,
21,TEXT_KINGKW303_05504_SEQ_21,
22,TEXT_KINGKW303_05504_SEQ_22,
23,TEXT_KINGKW303_05504_SEQ_23,
24,TEXT_KINGKW303_05504_TODO_00,Obtain chunks of ecliptic arcanite.
25,TEXT_KINGKW303_05504_TODO_01,
26,TEXT_KINGKW303_05504_TODO_02,
27,TEXT_KINGKW303_05504_TODO_03,
28,TEXT_KINGKW303_05504_TODO_04,
29,TEXT_KINGKW303_05504_TODO_05,
30,TEXT_KINGKW303_05504_TODO_06,
31,TEXT_KINGKW303_05504_TODO_07,
32,TEXT_KINGKW303_05504_TODO_08,
33,TEXT_KINGKW303_05504_TODO_09,
34,TEXT_KINGKW303_05504_TODO_10,
35,TEXT_KINGKW303_05504_TODO_11,
36,TEXT_KINGKW303_05504_TODO_12,
37,TEXT_KINGKW303_05504_TODO_13,
38,TEXT_KINGKW303_05504_TODO_14,
39,TEXT_KINGKW303_05504_TODO_15,
40,TEXT_KINGKW303_05504_TODO_16,
41,TEXT_KINGKW303_05504_TODO_17,
42,TEXT_KINGKW303_05504_TODO_18,
43,TEXT_KINGKW303_05504_TODO_19,
44,TEXT_KINGKW303_05504_TODO_20,
45,TEXT_KINGKW303_05504_TODO_21,
46,TEXT_KINGKW303_05504_TODO_22,
47,TEXT_KINGKW303_05504_TODO_23,
48,TEXT_KINGKW303_05504_GEROLT_000_001,"Quite the demonstration that was, eh?"
49,TEXT_KINGKW303_05504_BRIGID_000_005,"As much as I enjoyed the sight of your companion wreathed in magical flames, I thought it best to extinguish him before the mischief spiraled out of control..."
50,TEXT_KINGKW303_05504_SYSTEM_000_010,"In order to accept the quest “A Phantom Unveiled,” please ensure that  and  are either equipped, in your Armoury Chest, or in your inventory."
51,TEXT_KINGKW303_05504_SYSTEM_000_011,"In order to accept the quest “A Phantom Unveiled,” please ensure that  is either equipped, in your Armoury Chest, or in your inventory."
52,TEXT_KINGKW303_05504_LYDIRCEIL_000_012,"Phew! I was startin' to worry I'd be ablaze forever... Anyroad, we best see about gettin' yer phantom weapon stripped of its illusory magicks an' elevated to new 'eights."
53,TEXT_KINGKW303_05504_SYSTEM_000_013,"Please note that upon completing the quest “A Phantom Unveiled,” you will receive a phantom weapon for an ."
54,TEXT_KINGKW303_05504_Q1_000_000,What will you do?
55,TEXT_KINGKW303_05504_A1_000_001,Undertake this quest as another job.
56,TEXT_KINGKW303_05504_A1_000_002,Undertake this quest as an .
57,TEXT_KINGKW303_05504_SYSTEM_000_015,Please speak with Lydirceil again when you are ready to undertake this quest.
58,TEXT_KINGKW303_05504_LYDIRCEIL_000_016,All set? Let's get crackin'.
59,TEXT_KINGKW303_05504_GEROLT_000_017,I thought I was...but I noticed somethin' durin' our experiment that's got me contemplatin' one last modification.
60,TEXT_KINGKW303_05504_GEROLT_000_018,"When I sliced through the glamour earlier, yer armor's aetherial balance shifted slightly askew. At first I didn't pay it much heed, but on reflection, there's no tellin' how the phantom weapon'll react."
61,TEXT_KINGKW303_05504_GEROLT_000_019,"So here's me plan: reformulate the weapon's core to channel aether into a single focal point. That'll negate the minor imbalance caused by the Philleter, an' ensure the weapon attains its true form."
62,TEXT_KINGKW303_05504_LYDIRCEIL_000_020,Another bleedin' step?
63,TEXT_KINGKW303_05504_GEROLT_000_021,"Quit yer bellyachin'! Besides, I've already figured out what materials we'll need."
64,TEXT_KINGKW303_05504_GEROLT_000_022,"The surveyors've dug up a new ore they're callin' ecliptic arcanite, and it just so happens the stuff's ideal for rebuildin' phantom weapon cores."
65,TEXT_KINGKW303_05504_LYDIRCEIL_000_023,"'Fraid ye'll have to deal with Ermina again for the ore. Once ye've got three chunks, 'and 'em to Dodokkuli for processin'."
66,TEXT_KINGKW303_05504_LYDIRCEIL_000_025,"Dodokkuli's standin' by to process the ore as soon as ye get yer 'ands on some. Gerolt doesn't bother 'imself with the grunt work these days, ye see."
67,TEXT_KINGKW303_05504_SYSTEM_000_030,Chunks of ecliptic arcanite can be obtained from Ermina in the phantom village.
68,TEXT_KINGKW303_05504_GEROLT_000_035,"If yer wonderin' why I didn't mention the ore earlier, it's 'cause I didn't know we'd need the bleedin' stuff until that demonstration. Unexpected setbacks are all part an' parcel o' weaponsmithin'."
69,TEXT_KINGKW303_05504_BRIGID_000_040,"I admire Gerolt's dedication to his craft! Lesser artisans would have simply waved away a minor aetheric imbalance, but not he!"
70,TEXT_KINGKW303_05504_DODOKKULI_000_100,"Before Gerolt can begin rebuilding the core of your phantom weapon, I shall need to process the ecliptic arcanite. Have you procured all three chunks?"
71,TEXT_KINGKW303_05504_DODOKKULI_000_101,Have you procured the necessary ore? Be sure to unequip your phantom weapon before we begin.
72,TEXT_KINGKW303_05504_SYSTEM_000_102,"After handing over the requisite ecliptic arcanite, the core of your phantom weapon will be completely rebuilt."
73,TEXT_KINGKW303_05504_SYSTEM_000_103,"However, please note that any affixed materia will be lost in the process."
74,TEXT_KINGKW303_05504_DODOKKULI_000_104,Excellent. I'll soon have the ore ready. The remainder of the fabrication I shall leave in Gerolt's capable hands.
75,TEXT_KINGKW303_05504_DODOKKULI_000_105,"Take heart, for we are tantalizingly close to seeing your weapon released from its illusory cloak!"
76,TEXT_KINGKW303_05504_GEROLT_000_106,"Right, yer phantom weapon's got a shiny new core. If me calculations are right, that'll prevent any aetheric imbalances once I cut through the illusion."
77,TEXT_KINGKW303_05504_GEROLT_000_107,"In other words, it's phantom philletin' time!"
78,TEXT_KINGKW303_05504_GEROLT_000_108,MUAHAHAHAHAHA!
79,TEXT_KINGKW303_05504_GEROLT_000_109,"Well, that was a resoundin' success. I sliced right through yer weapon's illusory trappin's, leavin' all the enhancements intact."
80,TEXT_KINGKW303_05504_GEROLT_000_110,"Behold the true, unfettered power o' me latest creation: !"
81,TEXT_KINGKW303_05504_GEROLT_000_111,"Behold the true, unfettered power o' me latest creations:  an' !"
82,TEXT_KINGKW303_05504_GEROLT_000_112,"Suffice it to say, these gods-given hands have wrought another bleedin' miracle."
83,TEXT_KINGKW303_05504_LYDIRCEIL_000_113,"Ye might've turned to ancient wisdom for inspiration, but in the end, it was that brilliant rum-brined brain o' yers that made the real advances. I reckon it's fair to say yer the best damned blacksmith of our age!"
84,TEXT_KINGKW303_05504_GEROLT_000_114,"“Of our age,” eh?"
85,TEXT_KINGKW303_05504_GEROLT_000_115,"Fittin' that me creations are wielded by the fiercest fighter of our times, then! Say, here's an idea: why don't ye channel some o' yer most valiant memories o' battle into that phantom weapon?"
86,TEXT_KINGKW303_05504_GEROLT_000_116,"I'll be damned if I don't try an' squeeze every last drop o' potential out o' the thing, an' I reckon yer memories are key to achievin' me vision!"
87,TEXT_KINGKW303_05504_SYSTEM_000_117,Further enhanced phantom weapons for other jobs can now be obtained after exchanging the requisite ecliptic arcanite with Dodokkuli in the phantom village.
