key,0,1,2,3,4,5,6,7,8,9,10,11
#,ItemLevel{DoW}[0],ItemLevel{DoW}[1],ItemLevel{DoW}[2],ItemLevel{DoW}[3],Perception{DoL}[0],Perception{DoL}[1],Perception{DoL}[2],Perception{DoL}[3],Perception{FSH}[0],Perception{FSH}[1],Perception{FSH}[2],Perception{FSH}[3]
int32,int16,int16,int16,int16,int16,int16,int16,int16,int16,int16,int16,int16
0,0,0,0,0,164,1350,1485,1620,0,0,0,0
1,5,11,16,21,20,29,32,35,13,19,21,23
2,5,12,17,22,22,31,34,37,14,20,22,24
3,5,13,18,23,23,33,36,40,15,21,23,26
4,5,14,19,24,25,35,39,42,16,23,25,27
5,5,15,20,25,25,36,40,43,16,23,26,28
6,5,16,21,26,27,38,42,46,18,25,27,30
7,5,17,22,27,28,40,44,48,18,26,29,31
8,5,18,23,28,29,42,46,50,19,27,30,33
9,5,19,24,29,30,43,47,52,20,28,31,34
10,5,20,25,30,32,45,50,54,21,29,33,35
11,6,21,26,31,41,58,64,70,27,38,42,46
12,7,22,27,32,41,58,64,70,27,38,42,46
13,8,23,28,33,42,60,66,72,27,39,43,47
14,9,24,29,34,44,63,69,76,29,41,45,49
15,10,25,30,35,46,65,72,78,30,42,47,51
16,11,26,31,36,67,96,106,115,44,62,69,75
17,12,27,32,37,69,99,109,119,45,64,71,77
18,13,28,33,38,71,102,112,122,46,66,73,79
19,14,29,34,39,74,105,116,126,48,68,75,82
20,15,30,35,40,76,108,119,130,49,70,77,85
21,16,31,36,41,84,120,132,144,55,78,86,94
22,17,32,37,42,86,123,135,148,56,80,88,96
23,18,33,38,43,88,126,139,151,57,82,90,98
24,19,34,39,44,91,130,143,156,59,85,93,101
25,20,35,40,45,93,133,146,160,60,86,95,104
26,21,36,41,46,110,157,173,188,72,102,112,122
27,22,37,42,47,113,161,177,193,73,105,115,125
28,23,38,43,48,116,165,182,198,75,107,118,129
29,24,39,44,49,118,168,185,202,77,109,120,131
30,25,40,45,50,120,172,189,206,78,112,123,134
31,26,41,46,51,123,176,194,211,80,114,126,137
32,27,42,47,52,126,180,198,216,82,117,129,140
33,28,43,48,53,128,183,201,220,83,119,131,143
34,29,44,49,54,131,187,206,224,85,122,134,146
35,30,45,50,55,134,191,210,229,87,124,137,149
36,31,46,51,56,137,195,215,234,89,127,140,152
37,32,47,52,57,139,198,218,238,90,129,142,155
38,33,48,53,58,141,202,222,242,92,131,144,157
39,34,49,54,59,144,206,227,247,94,134,148,161
40,35,50,55,60,147,210,231,252,96,137,150,164
41,36,51,56,61,149,213,234,256,97,138,152,166
42,37,52,57,62,152,217,239,260,99,141,155,169
43,38,53,58,63,155,221,243,265,101,144,158,172
44,39,54,59,64,158,225,248,270,103,146,161,176
45,40,55,60,65,160,228,251,274,104,148,163,178
46,41,56,61,66,169,241,265,289,110,157,172,188
47,42,57,62,67,176,252,277,302,114,164,180,196
48,43,58,63,68,183,262,288,314,119,170,187,204
49,44,59,64,69,191,273,300,328,124,177,195,213
50,45,60,65,70,196,280,308,336,127,182,200,218
51,45,60,65,70,202,288,317,346,131,187,206,225
52,45,60,65,70,202,288,317,346,131,187,206,225
53,45,60,65,70,202,288,317,346,131,187,206,225
54,45,60,65,70,202,288,317,346,131,187,206,225
55,45,60,65,70,202,288,317,346,131,187,206,225
56,45,60,65,70,202,288,317,346,131,187,206,225
57,45,60,65,70,202,288,317,346,131,187,206,225
58,45,60,65,70,202,288,317,346,131,187,206,225
59,45,60,65,70,202,288,317,346,131,187,206,225
60,45,60,65,70,202,288,317,346,131,187,206,225
61,45,60,65,70,202,288,317,346,131,187,206,225
62,45,60,65,70,202,288,317,346,131,187,206,225
63,45,60,65,70,202,288,317,346,131,187,206,225
64,45,60,65,70,202,288,317,346,131,187,206,225
65,45,60,65,70,202,288,317,346,131,187,206,225
66,45,60,65,70,202,288,317,346,131,187,206,225
67,45,60,65,70,202,288,317,346,131,187,206,225
68,45,60,65,70,202,288,317,346,131,187,206,225
69,45,60,65,70,202,288,317,346,131,187,206,225
70,45,60,65,70,225,321,353,385,146,209,229,250
71,45,60,65,70,225,321,353,385,146,209,229,250
72,45,60,65,70,225,321,353,385,146,209,229,250
73,45,60,65,70,225,321,353,385,146,209,229,250
74,45,60,65,70,225,321,353,385,146,209,229,250
75,45,60,65,70,225,321,353,385,146,209,229,250
76,45,60,65,70,225,321,353,385,146,209,229,250
77,45,60,65,70,225,321,353,385,146,209,229,250
78,45,60,65,70,225,321,353,385,146,209,229,250
79,45,60,65,70,225,321,353,385,146,209,229,250
80,45,60,65,70,256,366,403,439,166,238,262,285
81,45,60,65,70,256,366,403,439,166,238,262,285
82,45,60,65,70,256,366,403,439,166,238,262,285
83,45,60,65,70,256,366,403,439,166,238,262,285
84,45,60,65,70,256,366,403,439,166,238,262,285
85,45,60,65,70,256,366,403,439,166,238,262,285
86,45,60,65,70,256,366,403,439,166,238,262,285
87,45,60,65,70,256,366,403,439,166,238,262,285
88,45,60,65,70,256,366,403,439,166,238,262,285
89,45,60,65,70,256,366,403,439,166,238,262,285
90,45,60,65,70,256,366,403,439,166,238,262,285
91,45,60,65,70,256,366,403,439,166,238,262,285
92,45,60,65,70,256,366,403,439,166,238,262,285
93,45,60,65,70,256,366,403,439,166,238,262,285
94,45,60,65,70,256,366,403,439,166,238,262,285
95,45,60,65,70,256,366,403,439,166,238,262,285
96,45,60,65,70,256,366,403,439,166,238,262,285
97,45,60,65,70,256,366,403,439,166,238,262,285
98,45,60,65,70,256,366,403,439,166,238,262,285
99,45,60,65,70,256,366,403,439,166,238,262,285
100,45,60,65,70,256,366,403,439,166,238,262,285
101,45,60,65,70,256,366,403,439,166,238,262,285
102,45,60,65,70,256,366,403,439,166,238,262,285
103,45,60,65,70,256,366,403,439,166,238,262,285
104,45,60,65,70,256,366,403,439,166,238,262,285
105,45,60,65,70,256,366,403,439,166,238,262,285
106,45,60,65,70,256,366,403,439,166,238,262,285
107,45,60,65,70,256,366,403,439,166,238,262,285
108,45,60,65,70,256,366,403,439,166,238,262,285
109,45,60,65,70,256,366,403,439,166,238,262,285
110,45,60,65,70,256,366,403,439,166,238,262,285
111,45,60,65,70,256,366,403,439,166,238,262,285
112,45,60,65,70,256,366,403,439,166,238,262,285
113,45,60,65,70,256,366,403,439,166,238,262,285
114,45,60,65,70,256,366,403,439,166,238,262,285
115,45,60,65,70,256,366,403,439,166,238,262,285
116,45,60,65,70,256,366,403,439,166,238,262,285
117,45,60,65,70,256,366,403,439,166,238,262,285
118,45,60,65,70,256,366,403,439,166,238,262,285
119,45,60,65,70,256,366,403,439,166,238,262,285
120,115,130,135,140,293,419,461,503,190,272,300,327
121,115,130,135,140,293,419,461,503,190,272,300,327
122,115,130,135,140,293,419,461,503,190,272,300,327
123,115,130,135,140,293,419,461,503,190,272,300,327
124,115,130,135,140,293,419,461,503,190,272,300,327
125,120,135,140,145,318,454,499,545,207,295,324,354
126,120,135,140,145,318,454,499,545,207,295,324,354
127,120,135,140,145,318,454,499,545,207,295,324,354
128,120,135,140,145,318,454,499,545,207,295,324,354
129,120,135,140,145,318,454,499,545,207,295,324,354
130,125,140,145,150,375,535,589,642,244,348,383,417
131,125,140,145,150,375,535,589,642,244,348,383,417
132,125,140,145,150,375,535,589,642,244,348,383,417
133,128,143,148,153,385,550,605,660,250,358,393,429
134,128,143,148,153,385,550,605,660,250,358,393,429
135,128,143,148,153,385,550,605,660,250,358,393,429
136,131,146,151,156,410,585,644,702,267,380,419,456
137,131,146,151,156,410,585,644,702,267,380,419,456
138,131,146,151,156,410,585,644,702,267,380,419,456
139,134,149,154,159,412,588,647,706,268,382,421,459
140,134,149,154,159,412,588,647,706,268,382,421,459
141,134,149,154,159,412,588,647,706,268,382,421,459
142,137,152,157,162,415,593,652,712,270,385,424,463
143,137,152,157,162,415,593,652,712,270,385,424,463
144,137,152,157,162,415,593,652,712,270,385,424,463
145,140,155,160,165,433,618,680,742,281,402,442,482
146,140,155,160,165,433,618,680,742,281,402,442,482
147,140,155,160,165,433,618,680,742,281,402,442,482
148,143,158,163,168,448,640,704,768,291,416,458,499
149,143,158,163,168,448,640,704,768,291,416,458,499
150,145,160,165,170,476,680,748,816,309,442,486,530
151,145,160,165,170,476,680,748,816,309,442,486,530
152,145,160,165,170,476,680,748,816,309,442,486,530
153,145,160,165,170,476,680,748,816,309,442,486,530
154,145,160,165,170,476,680,748,816,309,442,486,530
155,145,160,165,170,476,680,748,816,309,442,486,530
156,145,160,165,170,476,680,748,816,309,442,486,530
157,145,160,165,170,476,680,748,816,309,442,486,530
158,145,160,165,170,476,680,748,816,309,442,486,530
159,145,160,165,170,476,680,748,816,309,442,486,530
160,155,170,175,180,476,680,748,816,309,442,486,530
161,155,170,175,180,476,680,748,816,309,442,486,530
162,155,170,175,180,476,680,748,816,309,442,486,530
163,155,170,175,180,476,680,748,816,309,442,486,530
164,155,170,175,180,476,680,748,816,309,442,486,530
165,155,170,175,180,476,680,748,816,309,442,486,530
166,155,170,175,180,476,680,748,816,309,442,486,530
167,155,170,175,180,476,680,748,816,309,442,486,530
168,155,170,175,180,476,680,748,816,309,442,486,530
169,155,170,175,180,476,680,748,816,309,442,486,530
170,155,170,175,180,476,680,748,816,309,442,486,530
171,155,170,175,180,476,680,748,816,309,442,486,530
172,155,170,175,180,476,680,748,816,309,442,486,530
173,155,170,175,180,476,680,748,816,309,442,486,530
174,155,170,175,180,476,680,748,816,309,442,486,530
175,155,170,175,180,476,680,748,816,309,442,486,530
176,155,170,175,180,476,680,748,816,309,442,486,530
177,155,170,175,180,476,680,748,816,309,442,486,530
178,155,170,175,180,476,680,748,816,309,442,486,530
179,155,170,175,180,476,680,748,816,309,442,486,530
180,175,190,195,200,602,860,946,1032,391,559,615,671
181,175,190,195,200,602,860,946,1032,391,559,615,671
182,175,190,195,200,602,860,946,1032,391,559,615,671
183,175,190,195,200,602,860,946,1032,391,559,615,671
184,175,190,195,200,602,860,946,1032,391,559,615,671
185,175,190,195,200,602,860,946,1032,391,559,615,671
186,175,190,195,200,602,860,946,1032,391,559,615,671
187,175,190,195,200,602,860,946,1032,391,559,615,671
188,175,190,195,200,602,860,946,1032,391,559,615,671
189,175,190,195,200,602,860,946,1032,391,559,615,671
190,175,190,195,200,644,920,1012,1104,419,598,658,718
191,175,190,195,200,644,920,1012,1104,419,598,658,718
192,175,190,195,200,644,920,1012,1104,419,598,658,718
193,175,190,195,200,644,920,1012,1104,419,598,658,718
194,175,190,195,200,644,920,1012,1104,419,598,658,718
195,175,190,195,200,644,920,1012,1104,419,598,658,718
196,175,190,195,200,644,920,1012,1104,419,598,658,718
197,175,190,195,200,644,920,1012,1104,419,598,658,718
198,175,190,195,200,644,920,1012,1104,419,598,658,718
199,175,190,195,200,644,920,1012,1104,419,598,658,718
200,175,190,195,200,686,980,1078,1176,446,637,701,764
201,175,190,195,200,686,980,1078,1176,446,637,701,764
202,175,190,195,200,686,980,1078,1176,446,637,701,764
203,175,190,195,200,686,980,1078,1176,446,637,701,764
204,175,190,195,200,686,980,1078,1176,446,637,701,764
205,175,190,195,200,700,1000,1100,1200,455,650,715,780
206,175,190,195,200,700,1000,1100,1200,455,650,715,780
207,175,190,195,200,700,1000,1100,1200,455,650,715,780
208,175,190,195,200,700,1000,1100,1200,455,650,715,780
209,175,190,195,200,700,1000,1100,1200,455,650,715,780
210,205,220,225,230,714,1020,1122,1224,464,663,729,796
211,205,220,225,230,714,1020,1122,1224,464,663,729,796
212,205,220,225,230,714,1020,1122,1224,464,663,729,796
213,205,220,225,230,714,1020,1122,1224,464,663,729,796
214,205,220,225,230,714,1020,1122,1224,464,663,729,796
215,205,220,225,230,728,1040,1144,1248,473,676,744,811
216,205,220,225,230,728,1040,1144,1248,473,676,744,811
217,205,220,225,230,728,1040,1144,1248,473,676,744,811
218,205,220,225,230,728,1040,1144,1248,473,676,744,811
219,205,220,225,230,728,1040,1144,1248,473,676,744,811
220,205,220,225,230,734,1048,1153,1258,477,681,749,818
221,205,220,225,230,734,1048,1153,1258,477,681,749,818
222,205,220,225,230,734,1048,1153,1258,477,681,749,818
223,205,220,225,230,734,1048,1153,1258,477,681,749,818
224,205,220,225,230,734,1048,1153,1258,477,681,749,818
225,205,220,225,230,739,1055,1161,1266,480,686,755,823
226,205,220,225,230,739,1055,1161,1266,480,686,755,823
227,205,220,225,230,739,1055,1161,1266,480,686,755,823
228,205,220,225,230,739,1055,1161,1266,480,686,755,823
229,205,220,225,230,739,1055,1161,1266,480,686,755,823
230,205,220,225,230,743,1062,1168,1274,483,690,759,828
231,205,220,225,230,743,1062,1168,1274,483,690,759,828
232,205,220,225,230,743,1062,1168,1274,483,690,759,828
233,205,220,225,230,743,1062,1168,1274,483,690,759,828
234,205,220,225,230,743,1062,1168,1274,483,690,759,828
235,205,220,225,230,743,1062,1168,1274,483,690,759,828
236,205,220,225,230,743,1062,1168,1274,483,690,759,828
237,205,220,225,230,743,1062,1168,1274,483,690,759,828
238,205,220,225,230,743,1062,1168,1274,483,690,759,828
239,205,220,225,230,743,1062,1168,1274,483,690,759,828
240,205,220,225,230,743,1062,1168,1274,483,690,759,828
241,205,220,225,230,743,1062,1168,1274,483,690,759,828
242,205,220,225,230,743,1062,1168,1274,483,690,759,828
243,205,220,225,230,743,1062,1168,1274,483,690,759,828
244,205,220,225,230,743,1062,1168,1274,483,690,759,828
245,205,220,225,230,759,1084,1192,1301,493,705,775,846
246,205,220,225,230,759,1084,1192,1301,493,705,775,846
247,205,220,225,230,759,1084,1192,1301,493,705,775,846
248,205,220,225,230,759,1084,1192,1301,493,705,775,846
249,205,220,225,230,759,1084,1192,1301,493,705,775,846
250,215,230,235,240,759,1084,1192,1301,493,705,775,846
251,215,230,235,240,759,1084,1192,1301,493,705,775,846
252,215,230,235,240,759,1084,1192,1301,493,705,775,846
253,215,230,235,240,759,1084,1192,1301,493,705,775,846
254,215,230,235,240,759,1084,1192,1301,493,705,775,846
255,250,265,270,275,759,1084,1192,1301,493,705,775,846
256,250,265,270,275,759,1084,1192,1301,493,705,775,846
257,250,265,270,275,759,1084,1192,1301,493,705,775,846
258,250,265,270,275,759,1084,1192,1301,493,705,775,846
259,250,265,270,275,759,1084,1192,1301,493,705,775,846
260,250,265,270,275,774,1106,1217,1327,503,719,791,863
261,250,265,270,275,774,1106,1217,1327,503,719,791,863
262,250,265,270,275,774,1106,1217,1327,503,719,791,863
263,250,265,270,275,774,1106,1217,1327,503,719,791,863
264,250,265,270,275,774,1106,1217,1327,503,719,791,863
265,260,275,280,285,774,1106,1217,1327,503,719,791,863
266,260,275,280,285,774,1106,1217,1327,503,719,791,863
267,260,275,280,285,774,1106,1217,1327,503,719,791,863
268,260,275,280,285,774,1106,1217,1327,503,719,791,863
269,260,275,280,285,774,1106,1217,1327,503,719,791,863
270,265,280,285,290,774,1106,1217,1327,503,719,791,863
271,265,280,285,290,774,1106,1217,1327,503,719,791,863
272,265,280,285,290,774,1106,1217,1327,503,719,791,863
273,268,283,288,293,774,1106,1217,1327,503,719,791,863
274,268,283,288,293,774,1106,1217,1327,503,719,791,863
275,268,283,288,293,790,1128,1241,1354,514,733,807,880
276,271,286,291,296,790,1128,1241,1354,514,733,807,880
277,271,286,291,296,790,1128,1241,1354,514,733,807,880
278,271,286,291,296,790,1128,1241,1354,514,733,807,880
279,274,289,294,299,790,1128,1241,1354,514,733,807,880
280,274,289,294,299,790,1128,1241,1354,514,733,807,880
281,274,289,294,299,790,1128,1241,1354,514,733,807,880
282,277,292,297,302,790,1128,1241,1354,514,733,807,880
283,277,292,297,302,790,1128,1241,1354,514,733,807,880
284,277,292,297,302,790,1128,1241,1354,514,733,807,880
285,280,295,300,305,790,1128,1241,1354,514,733,807,880
286,280,295,300,305,790,1128,1241,1354,514,733,807,880
287,280,295,300,305,790,1128,1241,1354,514,733,807,880
288,283,298,303,308,790,1128,1241,1354,514,733,807,880
289,283,298,303,308,790,1128,1241,1354,514,733,807,880
290,285,300,305,310,805,1150,1265,1380,523,748,822,897
291,285,300,305,310,805,1150,1265,1380,523,748,822,897
292,285,300,305,310,805,1150,1265,1380,523,748,822,897
293,285,300,305,310,805,1150,1265,1380,523,748,822,897
294,285,300,305,310,805,1150,1265,1380,523,748,822,897
295,285,300,305,310,805,1150,1265,1380,523,748,822,897
296,285,300,305,310,805,1150,1265,1380,523,748,822,897
297,285,300,305,310,805,1150,1265,1380,523,748,822,897
298,285,300,305,310,805,1150,1265,1380,523,748,822,897
299,285,300,305,310,805,1150,1265,1380,523,748,822,897
300,295,310,315,320,875,1250,1375,1500,569,813,894,975
301,295,310,315,320,875,1250,1375,1500,569,813,894,975
302,295,310,315,320,875,1250,1375,1500,569,813,894,975
303,295,310,315,320,875,1250,1375,1500,569,813,894,975
304,295,310,315,320,875,1250,1375,1500,569,813,894,975
305,295,310,315,320,875,1250,1375,1500,569,813,894,975
306,295,310,315,320,875,1250,1375,1500,569,813,894,975
307,295,310,315,320,875,1250,1375,1500,569,813,894,975
308,295,310,315,320,875,1250,1375,1500,569,813,894,975
309,295,310,315,320,875,1250,1375,1500,569,813,894,975
310,295,310,315,320,875,1250,1375,1500,569,813,894,975
311,295,310,315,320,875,1250,1375,1500,569,813,894,975
312,295,310,315,320,875,1250,1375,1500,569,813,894,975
313,295,310,315,320,875,1250,1375,1500,569,813,894,975
314,295,310,315,320,875,1250,1375,1500,569,813,894,975
315,295,310,315,320,875,1250,1375,1500,569,813,894,975
316,295,310,315,320,875,1250,1375,1500,569,813,894,975
317,295,310,315,320,875,1250,1375,1500,569,813,894,975
318,295,310,315,320,875,1250,1375,1500,569,813,894,975
319,295,310,315,320,875,1250,1375,1500,569,813,894,975
320,315,330,335,340,1015,1450,1595,1740,660,943,1037,1131
321,315,330,335,340,1015,1450,1595,1740,660,943,1037,1131
322,315,330,335,340,1015,1450,1595,1740,660,943,1037,1131
323,315,330,335,340,1015,1450,1595,1740,660,943,1037,1131
324,315,330,335,340,1015,1450,1595,1740,660,943,1037,1131
325,315,330,335,340,1015,1450,1595,1740,660,943,1037,1131
326,315,330,335,340,1015,1450,1595,1740,660,943,1037,1131
327,315,330,335,340,1015,1450,1595,1740,660,943,1037,1131
328,315,330,335,340,1015,1450,1595,1740,660,943,1037,1131
329,315,330,335,340,1015,1450,1595,1740,660,943,1037,1131
330,315,330,335,340,1015,1450,1595,1740,660,943,1037,1131
331,315,330,335,340,1015,1450,1595,1740,660,943,1037,1131
332,315,330,335,340,1015,1450,1595,1740,660,943,1037,1131
333,315,330,335,340,1015,1450,1595,1740,660,943,1037,1131
334,315,330,335,340,1015,1450,1595,1740,660,943,1037,1131
335,315,330,335,340,1015,1450,1595,1740,660,943,1037,1131
336,315,330,335,340,1015,1450,1595,1740,660,943,1037,1131
337,315,330,335,340,1015,1450,1595,1740,660,943,1037,1131
338,315,330,335,340,1015,1450,1595,1740,660,943,1037,1131
339,315,330,335,340,1015,1450,1595,1740,660,943,1037,1131
340,335,350,355,360,1155,1650,1815,1980,751,1073,1180,1287
341,335,350,355,360,1155,1650,1815,1980,751,1073,1180,1287
342,335,350,355,360,1155,1650,1815,1980,751,1073,1180,1287
343,335,350,355,360,1155,1650,1815,1980,751,1073,1180,1287
344,335,350,355,360,1155,1650,1815,1980,751,1073,1180,1287
345,335,350,355,360,1190,1700,1870,2040,774,1105,1216,1326
346,335,350,355,360,1190,1700,1870,2040,774,1105,1216,1326
347,335,350,355,360,1190,1700,1870,2040,774,1105,1216,1326
348,335,350,355,360,1190,1700,1870,2040,774,1105,1216,1326
349,335,350,355,360,1190,1700,1870,2040,774,1105,1216,1326
350,335,350,355,360,1225,1750,1925,2100,796,1138,1251,1365
351,335,350,355,360,1225,1750,1925,2100,796,1138,1251,1365
352,335,350,355,360,1225,1750,1925,2100,796,1138,1251,1365
353,335,350,355,360,1225,1750,1925,2100,796,1138,1251,1365
354,335,350,355,360,1225,1750,1925,2100,796,1138,1251,1365
355,335,350,355,360,1234,1763,1939,2116,802,1146,1260,1375
356,335,350,355,360,1234,1763,1939,2116,802,1146,1260,1375
357,335,350,355,360,1234,1763,1939,2116,802,1146,1260,1375
358,335,350,355,360,1234,1763,1939,2116,802,1146,1260,1375
359,335,350,355,360,1234,1763,1939,2116,802,1146,1260,1375
360,335,350,355,360,1234,1763,1939,2116,802,1146,1260,1375
361,335,350,355,360,1234,1763,1939,2116,802,1146,1260,1375
362,335,350,355,360,1234,1763,1939,2116,802,1146,1260,1375
363,335,350,355,360,1234,1763,1939,2116,802,1146,1260,1375
364,335,350,355,360,1234,1763,1939,2116,802,1146,1260,1375
365,335,350,355,360,1234,1763,1939,2116,802,1146,1260,1375
366,335,350,355,360,1234,1763,1939,2116,802,1146,1260,1375
367,335,350,355,360,1234,1763,1939,2116,802,1146,1260,1375
368,335,350,355,360,1234,1763,1939,2116,802,1146,1260,1375
369,335,350,355,360,1234,1763,1939,2116,802,1146,1260,1375
370,335,350,355,360,1260,1800,1980,2160,819,1170,1287,1404
371,335,350,355,360,1260,1800,1980,2160,819,1170,1287,1404
372,335,350,355,360,1260,1800,1980,2160,819,1170,1287,1404
373,335,350,355,360,1260,1800,1980,2160,819,1170,1287,1404
374,335,350,355,360,1260,1800,1980,2160,819,1170,1287,1404
375,335,350,355,360,1260,1800,1980,2160,819,1170,1287,1404
376,335,350,355,360,1260,1800,1980,2160,819,1170,1287,1404
377,335,350,355,360,1260,1800,1980,2160,819,1170,1287,1404
378,335,350,355,360,1260,1800,1980,2160,819,1170,1287,1404
379,335,350,355,360,1260,1800,1980,2160,819,1170,1287,1404
380,335,350,355,360,1294,1848,2033,2218,841,1201,1321,1442
381,335,350,355,360,1294,1848,2033,2218,841,1201,1321,1442
382,335,350,355,360,1294,1848,2033,2218,841,1201,1321,1442
383,335,350,355,360,1294,1848,2033,2218,841,1201,1321,1442
384,335,350,355,360,1294,1848,2033,2218,841,1201,1321,1442
385,335,350,355,360,1294,1848,2033,2218,841,1201,1321,1442
386,335,350,355,360,1294,1848,2033,2218,841,1201,1321,1442
387,335,350,355,360,1294,1848,2033,2218,841,1201,1321,1442
388,335,350,355,360,1294,1848,2033,2218,841,1201,1321,1442
389,335,350,355,360,1294,1848,2033,2218,841,1201,1321,1442
390,385,400,405,410,1327,1895,2085,2274,863,1232,1355,1478
391,385,400,405,410,1327,1895,2085,2274,863,1232,1355,1478
392,385,400,405,410,1327,1895,2085,2274,863,1232,1355,1478
393,385,400,405,410,1327,1895,2085,2274,863,1232,1355,1478
394,385,400,405,410,1327,1895,2085,2274,863,1232,1355,1478
395,390,405,410,415,1327,1895,2085,2274,863,1232,1355,1478
396,390,405,410,415,1327,1895,2085,2274,863,1232,1355,1478
397,390,405,410,415,1327,1895,2085,2274,863,1232,1355,1478
398,390,405,410,415,1327,1895,2085,2274,863,1232,1355,1478
399,390,405,410,415,1327,1895,2085,2274,863,1232,1355,1478
400,395,410,415,420,1359,1942,2136,2330,883,1262,1388,1515
401,395,410,415,420,1359,1942,2136,2330,883,1262,1388,1515
402,395,410,415,420,1359,1942,2136,2330,883,1262,1388,1515
403,398,413,418,423,1359,1942,2136,2330,883,1262,1388,1515
404,398,413,418,423,1359,1942,2136,2330,883,1262,1388,1515
405,398,413,418,423,1359,1942,2136,2330,883,1262,1388,1515
406,401,416,421,426,1359,1942,2136,2330,883,1262,1388,1515
407,401,416,421,426,1359,1942,2136,2330,883,1262,1388,1515
408,401,416,421,426,1359,1942,2136,2330,883,1262,1388,1515
409,404,419,424,429,1359,1942,2136,2330,883,1262,1388,1515
410,404,419,424,429,1392,1989,2188,2387,905,1293,1422,1552
411,404,419,424,429,1392,1989,2188,2387,905,1293,1422,1552
412,407,422,427,432,1392,1989,2188,2387,905,1293,1422,1552
413,407,422,427,432,1392,1989,2188,2387,905,1293,1422,1552
414,407,422,427,432,1392,1989,2188,2387,905,1293,1422,1552
415,410,425,430,435,1392,1989,2188,2387,905,1293,1422,1552
416,410,425,430,435,1392,1989,2188,2387,905,1293,1422,1552
417,410,425,430,435,1392,1989,2188,2387,905,1293,1422,1552
418,413,428,433,438,1392,1989,2188,2387,905,1293,1422,1552
419,413,428,433,438,1392,1989,2188,2387,905,1293,1422,1552
420,415,430,435,440,1425,2036,2240,2443,926,1323,1456,1588
421,415,430,435,440,1425,2036,2240,2443,926,1323,1456,1588
422,415,430,435,440,1425,2036,2240,2443,926,1323,1456,1588
423,415,430,435,440,1425,2036,2240,2443,926,1323,1456,1588
424,415,430,435,440,1425,2036,2240,2443,926,1323,1456,1588
425,415,430,435,440,1425,2036,2240,2443,926,1323,1456,1588
426,415,430,435,440,1425,2036,2240,2443,926,1323,1456,1588
427,415,430,435,440,1425,2036,2240,2443,926,1323,1456,1588
428,415,430,435,440,1425,2036,2240,2443,926,1323,1456,1588
429,415,430,435,440,1425,2036,2240,2443,926,1323,1456,1588
430,415,430,435,440,1458,2083,2291,2500,948,1354,1489,1625
431,415,430,435,440,1458,2083,2291,2500,948,1354,1489,1625
432,415,430,435,440,1458,2083,2291,2500,948,1354,1489,1625
433,415,430,435,440,1458,2083,2291,2500,948,1354,1489,1625
434,415,430,435,440,1458,2083,2291,2500,948,1354,1489,1625
435,415,430,435,440,1458,2083,2291,2500,948,1354,1489,1625
436,415,430,435,440,1458,2083,2291,2500,948,1354,1489,1625
437,415,430,435,440,1458,2083,2291,2500,948,1354,1489,1625
438,415,430,435,440,1458,2083,2291,2500,948,1354,1489,1625
439,415,430,435,440,1458,2083,2291,2500,948,1354,1489,1625
440,415,430,435,440,1527,2182,2400,2618,993,1418,1560,1702
441,415,430,435,440,1527,2182,2400,2618,993,1418,1560,1702
442,415,430,435,440,1527,2182,2400,2618,993,1418,1560,1702
443,415,430,435,440,1527,2182,2400,2618,993,1418,1560,1702
444,415,430,435,440,1527,2182,2400,2618,993,1418,1560,1702
445,415,430,435,440,1527,2182,2400,2618,993,1418,1560,1702
446,415,430,435,440,1527,2182,2400,2618,993,1418,1560,1702
447,415,430,435,440,1527,2182,2400,2618,993,1418,1560,1702
448,415,430,435,440,1527,2182,2400,2618,993,1418,1560,1702
449,415,430,435,440,1527,2182,2400,2618,993,1418,1560,1702
450,415,430,435,440,1527,2182,2400,2618,993,1418,1560,1702
451,415,430,435,440,1527,2182,2400,2618,993,1418,1560,1702
452,415,430,435,440,1527,2182,2400,2618,993,1418,1560,1702
453,415,430,435,440,1527,2182,2400,2618,993,1418,1560,1702
454,415,430,435,440,1527,2182,2400,2618,993,1418,1560,1702
455,415,430,435,440,1527,2182,2400,2618,993,1418,1560,1702
456,415,430,435,440,1527,2182,2400,2618,993,1418,1560,1702
457,415,430,435,440,1527,2182,2400,2618,993,1418,1560,1702
458,415,430,435,440,1527,2182,2400,2618,993,1418,1560,1702
459,415,430,435,440,1527,2182,2400,2618,993,1418,1560,1702
460,455,470,475,480,1680,2400,2640,2880,1092,1560,1716,1872
461,455,470,475,480,1680,2400,2640,2880,1092,1560,1716,1872
462,455,470,475,480,1680,2400,2640,2880,1092,1560,1716,1872
463,455,470,475,480,1680,2400,2640,2880,1092,1560,1716,1872
464,455,470,475,480,1680,2400,2640,2880,1092,1560,1716,1872
465,455,470,475,480,1680,2400,2640,2880,1092,1560,1716,1872
466,455,470,475,480,1680,2400,2640,2880,1092,1560,1716,1872
467,455,470,475,480,1680,2400,2640,2880,1092,1560,1716,1872
468,455,470,475,480,1680,2400,2640,2880,1092,1560,1716,1872
469,455,470,475,480,1680,2400,2640,2880,1092,1560,1716,1872
470,455,470,475,480,1680,2400,2640,2880,1092,1560,1716,1872
471,455,470,475,480,1680,2400,2640,2880,1092,1560,1716,1872
472,455,470,475,480,1680,2400,2640,2880,1092,1560,1716,1872
473,455,470,475,480,1680,2400,2640,2880,1092,1560,1716,1872
474,455,470,475,480,1680,2400,2640,2880,1092,1560,1716,1872
475,455,470,475,480,1680,2400,2640,2880,1092,1560,1716,1872
476,455,470,475,480,1680,2400,2640,2880,1092,1560,1716,1872
477,455,470,475,480,1680,2400,2640,2880,1092,1560,1716,1872
478,455,470,475,480,1680,2400,2640,2880,1092,1560,1716,1872
479,455,470,475,480,1680,2400,2640,2880,1092,1560,1716,1872
480,455,470,475,480,1680,2400,2640,2880,1092,1560,1716,1872
481,455,470,475,480,1680,2400,2640,2880,1092,1560,1716,1872
482,455,470,475,480,1680,2400,2640,2880,1092,1560,1716,1872
483,455,470,475,480,1680,2400,2640,2880,1092,1560,1716,1872
484,455,470,475,480,1680,2400,2640,2880,1092,1560,1716,1872
485,455,470,475,480,1680,2400,2640,2880,1092,1560,1716,1872
486,455,470,475,480,1680,2400,2640,2880,1092,1560,1716,1872
487,455,470,475,480,1680,2400,2640,2880,1092,1560,1716,1872
488,455,470,475,480,1680,2400,2640,2880,1092,1560,1716,1872
489,455,470,475,480,1680,2400,2640,2880,1092,1560,1716,1872
490,455,470,475,480,1890,2700,2970,3240,1229,1755,1931,2106
491,455,470,475,480,1890,2700,2970,3240,1229,1755,1931,2106
492,455,470,475,480,1890,2700,2970,3240,1229,1755,1931,2106
493,455,470,475,480,1890,2700,2970,3240,1229,1755,1931,2106
494,455,470,475,480,1890,2700,2970,3240,1229,1755,1931,2106
495,455,470,475,480,1925,2750,3025,3300,1251,1788,1966,2145
496,455,470,475,480,1925,2750,3025,3300,1251,1788,1966,2145
497,455,470,475,480,1925,2750,3025,3300,1251,1788,1966,2145
498,455,470,475,480,1925,2750,3025,3300,1251,1788,1966,2145
499,455,470,475,480,1925,2750,3025,3300,1251,1788,1966,2145
500,495,510,515,520,1960,2800,3080,3360,1274,1820,2002,2184
501,495,510,515,520,1960,2800,3080,3360,1274,1820,2002,2184
502,495,510,515,520,1960,2800,3080,3360,1274,1820,2002,2184
503,495,510,515,520,1960,2800,3080,3360,1274,1820,2002,2184
504,495,510,515,520,1960,2800,3080,3360,1274,1820,2002,2184
505,495,510,515,520,1960,2800,3080,3360,1274,1820,2002,2184
506,495,510,515,520,1960,2800,3080,3360,1274,1820,2002,2184
507,495,510,515,520,1960,2800,3080,3360,1274,1820,2002,2184
508,495,510,515,520,1960,2800,3080,3360,1274,1820,2002,2184
509,495,510,515,520,1960,2800,3080,3360,1274,1820,2002,2184
510,495,510,515,520,2030,2900,3190,3480,1320,1885,2074,2262
511,506,521,526,536,2030,2900,3190,3480,1320,1885,2074,2262
512,507,522,527,537,2030,2900,3190,3480,1320,1885,2074,2262
513,508,523,528,538,2030,2900,3190,3480,1320,1885,2074,2262
514,509,524,529,539,2030,2900,3190,3480,1320,1885,2074,2262
515,510,525,530,540,2030,2900,3190,3480,1320,1885,2074,2262
516,511,526,531,541,2030,2900,3190,3480,1320,1885,2074,2262
517,512,527,532,542,2030,2900,3190,3480,1320,1885,2074,2262
518,513,528,533,543,2030,2900,3190,3480,1320,1885,2074,2262
519,514,529,534,544,2030,2900,3190,3480,1320,1885,2074,2262
520,515,530,535,545,2100,3000,3300,3600,1365,1950,2145,2340
521,516,531,536,546,2100,3000,3300,3600,1365,1950,2145,2340
522,517,532,537,547,2100,3000,3300,3600,1365,1950,2145,2340
523,518,533,538,548,2100,3000,3300,3600,1365,1950,2145,2340
524,519,534,539,549,2100,3000,3300,3600,1365,1950,2145,2340
525,520,535,540,550,2100,3000,3300,3600,1365,1950,2145,2340
526,521,536,541,551,2100,3000,3300,3600,1365,1950,2145,2340
527,522,537,542,552,2149,3070,3377,3684,1397,1996,2195,2395
528,523,538,543,553,2149,3070,3377,3684,1397,1996,2195,2395
529,524,539,544,554,2149,3070,3377,3684,1397,1996,2195,2395
530,525,540,545,555,2149,3070,3377,3684,1397,1996,2195,2395
531,526,541,546,556,2149,3070,3377,3684,1397,1996,2195,2395
532,527,542,547,557,2149,3070,3377,3684,1397,1996,2195,2395
533,528,543,548,558,2149,3070,3377,3684,1397,1996,2195,2395
534,529,544,549,559,2198,3140,3454,3768,1429,2041,2245,2449
535,530,545,550,560,2198,3140,3454,3768,1429,2041,2245,2449
536,531,546,551,561,2198,3140,3454,3768,1429,2041,2245,2449
537,532,547,552,562,2198,3140,3454,3768,1429,2041,2245,2449
538,533,548,553,563,2198,3140,3454,3768,1429,2041,2245,2449
539,534,549,554,564,2198,3140,3454,3768,1429,2041,2245,2449
540,535,550,555,565,2247,3210,3531,3852,1461,2087,2295,2504
541,536,551,556,566,2247,3210,3531,3852,1461,2087,2295,2504
542,537,552,557,567,2247,3210,3531,3852,1461,2087,2295,2504
543,538,553,558,568,2247,3210,3531,3852,1461,2087,2295,2504
544,539,554,559,569,2247,3210,3531,3852,1461,2087,2295,2504
545,540,555,560,570,2247,3210,3531,3852,1461,2087,2295,2504
546,541,556,561,571,2247,3210,3531,3852,1461,2087,2295,2504
547,542,557,562,572,2296,3280,3608,3936,1492,2132,2345,2558
548,543,558,563,573,2296,3280,3608,3936,1492,2132,2345,2558
549,544,559,564,574,2296,3280,3608,3936,1492,2132,2345,2558
550,545,560,565,575,2296,3280,3608,3936,1492,2132,2345,2558
551,546,561,566,576,2296,3280,3608,3936,1492,2132,2345,2558
552,547,562,567,577,2296,3280,3608,3936,1492,2132,2345,2558
553,548,563,568,578,2296,3280,3608,3936,1492,2132,2345,2558
554,549,564,569,579,2345,3350,3685,4020,1524,2178,2395,2613
555,550,565,570,580,2345,3350,3685,4020,1524,2178,2395,2613
556,551,566,571,581,2345,3350,3685,4020,1524,2178,2395,2613
557,552,567,572,582,2345,3350,3685,4020,1524,2178,2395,2613
558,553,568,573,583,2345,3350,3685,4020,1524,2178,2395,2613
559,554,569,574,584,2345,3350,3685,4020,1524,2178,2395,2613
560,555,570,575,585,2394,3420,3762,4104,1556,2223,2445,2668
561,556,571,576,586,2394,3420,3762,4104,1556,2223,2445,2668
562,557,572,577,587,2394,3420,3762,4104,1556,2223,2445,2668
563,558,573,578,588,2394,3420,3762,4104,1556,2223,2445,2668
564,559,574,579,589,2394,3420,3762,4104,1556,2223,2445,2668
565,560,575,580,590,2394,3420,3762,4104,1556,2223,2445,2668
566,561,576,581,591,2394,3420,3762,4104,1556,2223,2445,2668
567,562,577,582,592,2394,3420,3762,4104,1556,2223,2445,2668
568,563,578,583,593,2394,3420,3762,4104,1556,2223,2445,2668
569,564,579,584,594,2394,3420,3762,4104,1556,2223,2445,2668
570,565,580,585,595,2468,3525,3878,4230,1604,2291,2521,2750
571,566,581,586,596,2468,3525,3878,4230,1604,2291,2521,2750
572,567,582,587,597,2468,3525,3878,4230,1604,2291,2521,2750
573,568,583,588,598,2468,3525,3878,4230,1604,2291,2521,2750
574,569,584,589,599,2468,3525,3878,4230,1604,2291,2521,2750
575,570,585,590,600,2468,3525,3878,4230,1604,2291,2521,2750
576,571,586,591,601,2468,3525,3878,4230,1604,2291,2521,2750
577,572,587,592,602,2468,3525,3878,4230,1604,2291,2521,2750
578,573,588,593,603,2468,3525,3878,4230,1604,2291,2521,2750
579,574,589,594,604,2468,3525,3878,4230,1604,2291,2521,2750
580,575,590,595,605,2468,3525,3878,4230,1604,2291,2521,2750
581,576,591,596,606,2468,3525,3878,4230,1604,2291,2521,2750
582,577,592,597,607,2468,3525,3878,4230,1604,2291,2521,2750
583,578,593,598,608,2468,3525,3878,4230,1604,2291,2521,2750
584,579,594,599,609,2468,3525,3878,4230,1604,2291,2521,2750
585,580,595,600,610,2468,3525,3878,4230,1604,2291,2521,2750
586,581,596,601,611,2468,3525,3878,4230,1604,2291,2521,2750
587,582,597,602,612,2468,3525,3878,4230,1604,2291,2521,2750
588,583,598,603,613,2468,3525,3878,4230,1604,2291,2521,2750
589,584,599,604,614,2468,3525,3878,4230,1604,2291,2521,2750
590,585,600,605,615,2636,3765,4142,4518,1713,2447,2692,2937
591,586,601,606,616,2636,3765,4142,4518,1713,2447,2692,2937
592,587,602,607,617,2636,3765,4142,4518,1713,2447,2692,2937
593,588,603,608,618,2636,3765,4142,4518,1713,2447,2692,2937
594,589,604,609,619,2636,3765,4142,4518,1713,2447,2692,2937
595,590,605,610,620,2636,3765,4142,4518,1713,2447,2692,2937
596,591,606,611,621,2636,3765,4142,4518,1713,2447,2692,2937
597,592,607,612,622,2636,3765,4142,4518,1713,2447,2692,2937
598,593,608,613,623,2636,3765,4142,4518,1713,2447,2692,2937
599,594,609,614,624,2636,3765,4142,4518,1713,2447,2692,2937
600,595,610,615,625,2720,3885,4274,4662,1768,2525,2778,3030
601,596,611,616,626,2720,3885,4274,4662,1768,2525,2778,3030
602,597,612,617,627,2720,3885,4274,4662,1768,2525,2778,3030
603,598,613,618,628,2720,3885,4274,4662,1768,2525,2778,3030
604,599,614,619,629,2720,3885,4274,4662,1768,2525,2778,3030
605,600,615,620,630,2720,3885,4274,4662,1768,2525,2778,3030
606,601,616,621,631,2720,3885,4274,4662,1768,2525,2778,3030
607,602,617,622,632,2720,3885,4274,4662,1768,2525,2778,3030
608,603,618,623,633,2720,3885,4274,4662,1768,2525,2778,3030
609,604,619,624,634,2720,3885,4274,4662,1768,2525,2778,3030
610,605,620,625,635,2720,3885,4274,4662,1768,2525,2778,3030
611,606,621,626,636,2720,3885,4274,4662,1768,2525,2778,3030
612,607,622,627,637,2720,3885,4274,4662,1768,2525,2778,3030
613,608,623,628,638,2720,3885,4274,4662,1768,2525,2778,3030
614,609,624,629,639,2720,3885,4274,4662,1768,2525,2778,3030
615,610,625,630,640,2720,3885,4274,4662,1768,2525,2778,3030
616,611,626,631,641,2720,3885,4274,4662,1768,2525,2778,3030
617,612,627,632,642,2720,3885,4274,4662,1768,2525,2778,3030
618,613,628,633,643,2720,3885,4274,4662,1768,2525,2778,3030
619,614,629,634,644,2720,3885,4274,4662,1768,2525,2778,3030
620,615,630,635,645,2888,4125,4538,4950,1877,2681,2950,3218
621,616,631,636,646,2888,4125,4538,4950,1877,2681,2950,3218
622,617,632,637,647,2888,4125,4538,4950,1877,2681,2950,3218
623,618,633,638,648,2888,4125,4538,4950,1877,2681,2950,3218
624,619,634,639,649,2888,4125,4538,4950,1877,2681,2950,3218
625,620,635,640,650,2888,4125,4538,4950,1877,2681,2950,3218
626,621,636,641,651,2888,4125,4538,4950,1877,2681,2950,3218
627,622,637,642,652,2888,4125,4538,4950,1877,2681,2950,3218
628,623,638,643,653,2888,4125,4538,4950,1877,2681,2950,3218
629,624,639,644,654,2888,4125,4538,4950,1877,2681,2950,3218
630,625,640,645,655,2888,4125,4538,4950,1877,2681,2950,3218
631,626,641,646,656,2888,4125,4538,4950,1877,2681,2950,3218
632,627,642,647,657,2888,4125,4538,4950,1877,2681,2950,3218
633,628,643,648,658,2888,4125,4538,4950,1877,2681,2950,3218
634,629,644,649,659,2888,4125,4538,4950,1877,2681,2950,3218
635,630,645,650,660,2888,4125,4538,4950,1877,2681,2950,3218
636,631,646,651,661,2888,4125,4538,4950,1877,2681,2950,3218
637,632,647,652,662,2888,4125,4538,4950,1877,2681,2950,3218
638,633,648,653,663,2888,4125,4538,4950,1877,2681,2950,3218
639,634,649,654,664,2888,4125,4538,4950,1877,2681,2950,3218
640,635,650,655,665,3056,4365,4802,5238,1986,2837,3121,3405
641,636,651,656,666,3056,4365,4802,5238,1986,2837,3121,3405
642,637,652,657,667,3056,4365,4802,5238,1986,2837,3121,3405
643,638,653,658,668,3056,4365,4802,5238,1986,2837,3121,3405
644,639,654,659,669,3056,4365,4802,5238,1986,2837,3121,3405
645,640,655,660,670,3056,4365,4802,5238,1986,2837,3121,3405
646,641,656,661,671,3056,4365,4802,5238,1986,2837,3121,3405
647,642,657,662,672,3056,4365,4802,5238,1986,2837,3121,3405
648,643,658,663,673,3056,4365,4802,5238,1986,2837,3121,3405
649,644,659,664,674,3056,4365,4802,5238,1986,2837,3121,3405
650,645,660,665,675,3098,4425,4868,5310,2014,2876,3164,3452
651,646,661,666,676,3098,4425,4868,5310,2014,2876,3164,3452
652,647,662,667,677,3098,4425,4868,5310,2014,2876,3164,3452
653,648,663,668,678,3098,4425,4868,5310,2014,2876,3164,3452
654,649,664,669,679,3098,4425,4868,5310,2014,2876,3164,3452
655,650,665,670,680,3140,4485,4934,5382,2041,2915,3207,3498
656,651,666,671,681,3140,4485,4934,5382,2041,2915,3207,3498
657,652,667,672,682,3140,4485,4934,5382,2041,2915,3207,3498
658,653,668,673,683,3140,4485,4934,5382,2041,2915,3207,3498
659,654,669,674,684,3140,4485,4934,5382,2041,2915,3207,3498
660,655,670,675,685,3182,4545,5000,5454,2068,2954,3250,3545
661,656,671,676,686,3182,4545,5000,5454,2068,2954,3250,3545
662,657,672,677,687,3182,4545,5000,5454,2068,2954,3250,3545
663,658,673,678,688,3224,4605,5066,5526,2096,2993,3293,3592
664,659,674,679,689,3224,4605,5066,5526,2096,2993,3293,3592
665,660,675,680,690,3224,4605,5066,5526,2096,2993,3293,3592
666,661,676,681,691,3266,4665,5132,5598,2123,3032,3336,3639
667,662,677,682,692,3266,4665,5132,5598,2123,3032,3336,3639
668,663,678,683,693,3266,4665,5132,5598,2123,3032,3336,3639
669,664,679,684,694,3308,4725,5198,5670,2150,3071,3379,3686
670,665,680,685,695,3308,4725,5198,5670,2150,3071,3379,3686
671,666,681,686,696,3308,4725,5198,5670,2150,3071,3379,3686
672,667,682,687,697,3350,4785,5264,5742,2178,3110,3422,3732
673,668,683,688,698,3350,4785,5264,5742,2178,3110,3422,3732
674,669,684,689,699,3350,4785,5264,5742,2178,3110,3422,3732
675,670,685,690,700,3392,4845,5330,5814,2205,3149,3465,3779
676,671,686,691,701,3392,4845,5330,5814,2205,3149,3465,3779
677,672,687,692,702,3392,4845,5330,5814,2205,3149,3465,3779
678,673,688,693,703,3434,4905,5396,5886,2232,3188,3507,3826
679,674,689,694,704,3434,4905,5396,5886,2232,3188,3507,3826
680,675,690,695,705,3434,4905,5396,5886,2232,3188,3507,3826
681,676,691,696,706,3434,4905,5396,5886,2232,3188,3507,3826
682,677,692,697,707,3434,4905,5396,5886,2232,3188,3507,3826
683,678,693,698,708,3434,4905,5396,5886,2232,3188,3507,3826
684,679,694,699,709,3434,4905,5396,5886,2232,3188,3507,3826
685,680,695,700,710,3434,4905,5396,5886,2232,3188,3507,3826
686,681,696,701,711,3434,4905,5396,5886,2232,3188,3507,3826
687,682,697,702,712,3434,4905,5396,5886,2232,3188,3507,3826
688,683,698,703,713,3434,4905,5396,5886,2232,3188,3507,3826
689,684,699,704,714,3434,4905,5396,5886,2232,3188,3507,3826
690,685,700,705,715,3476,4965,5462,5958,2259,3227,3550,3873
691,686,701,706,716,3560,5085,5594,6102,2314,3305,3636,3966
692,687,702,707,717,3560,5085,5594,6102,2314,3305,3636,3966
693,688,703,708,718,3560,5085,5594,6102,2314,3305,3636,3966
694,689,704,709,719,3560,5085,5594,6102,2314,3305,3636,3966
695,690,705,710,720,3560,5085,5594,6102,2314,3305,3636,3966
696,691,706,711,721,3560,5085,5594,6102,2314,3305,3636,3966
697,692,707,712,722,3560,5085,5594,6102,2314,3305,3636,3966
698,693,708,713,723,3560,5085,5594,6102,2314,3305,3636,3966
699,694,709,714,724,3560,5085,5594,6102,2314,3305,3636,3966
700,695,710,715,725,3560,5085,5594,6102,2314,3305,3636,3966
701,696,711,716,726,3560,5085,5594,6102,2314,3305,3636,3966
702,697,712,717,727,3560,5085,5594,6102,2314,3305,3636,3966
703,698,713,718,728,3560,5085,5594,6102,2314,3305,3636,3966
704,699,714,719,729,3560,5085,5594,6102,2314,3305,3636,3966
705,700,715,720,730,3560,5085,5594,6102,2314,3305,3636,3966
706,701,716,721,731,3560,5085,5594,6102,2314,3305,3636,3966
707,702,717,722,732,3560,5085,5594,6102,2314,3305,3636,3966
708,703,718,723,733,3560,5085,5594,6102,2314,3305,3636,3966
709,704,719,724,734,3560,5085,5594,6102,2314,3305,3636,3966
710,705,720,725,735,3560,5085,5594,6102,2314,3305,3636,3966
711,706,721,726,736,3560,5085,5594,6102,2314,3305,3636,3966
712,707,722,727,737,3560,5085,5594,6102,2314,3305,3636,3966
713,708,723,728,738,3560,5085,5594,6102,2314,3305,3636,3966
714,709,724,729,739,3560,5085,5594,6102,2314,3305,3636,3966
715,710,725,730,740,3560,5085,5594,6102,2314,3305,3636,3966
716,711,726,731,741,3560,5085,5594,6102,2314,3305,3636,3966
717,712,727,732,742,3560,5085,5594,6102,2314,3305,3636,3966
718,713,728,733,743,3560,5085,5594,6102,2314,3305,3636,3966
719,714,729,734,744,3560,5085,5594,6102,2314,3305,3636,3966
720,715,730,735,745,3560,5085,5594,6102,2314,3305,3636,3966
721,716,731,736,746,3812,5445,5990,6534,2478,3539,3894,4247
722,717,732,737,747,3812,5445,5990,6534,2478,3539,3894,4247
723,718,733,738,748,3812,5445,5990,6534,2478,3539,3894,4247
724,719,734,739,749,3812,5445,5990,6534,2478,3539,3894,4247
725,720,735,740,750,3812,5445,5990,6534,2478,3539,3894,4247
726,721,736,741,751,3812,5445,5990,6534,2478,3539,3894,4247
727,722,737,742,752,3812,5445,5990,6534,2478,3539,3894,4247
728,723,738,743,753,3812,5445,5990,6534,2478,3539,3894,4247
729,724,739,744,754,3812,5445,5990,6534,2478,3539,3894,4247
730,725,740,745,755,3812,5445,5990,6534,2478,3539,3894,4247
731,726,741,746,756,3812,5445,5990,6534,2478,3539,3894,4247
732,727,742,747,757,3812,5445,5990,6534,2478,3539,3894,4247
733,728,743,748,758,3812,5445,5990,6534,2478,3539,3894,4247
734,729,744,749,759,3812,5445,5990,6534,2478,3539,3894,4247
735,730,745,750,760,3812,5445,5990,6534,2478,3539,3894,4247
736,731,746,751,761,3812,5445,5990,6534,2478,3539,3894,4247
737,732,747,752,762,3812,5445,5990,6534,2478,3539,3894,4247
738,733,748,753,763,3812,5445,5990,6534,2478,3539,3894,4247
739,734,749,754,764,3812,5445,5990,6534,2478,3539,3894,4247
740,735,750,755,765,3812,5445,5990,6534,2478,3539,3894,4247
